"url","product","price","rating","reviews","vProductName....vivinoProductName.1.","vUrl....vivinoURL"
"/en/wine/beaucastel-coudoulet-cotes-du-rhone-rouge-2017-limited-time-offer-item-%E2%80%93-other-promotion-offers-not-applicable-/p/BP_390515","Beaucastel Coudoulet Cotes du Rhone Rouge 2017",150,4,496,"Château de BeaucastelCoudoulet de BeaucastelCôtes-du-Rhône2017","https://www.vivino.com/search/wines?q=Beaucastel+Coudoulet+Cotes+du+Rhone+Rouge+2017"
"/en/wine/pencarrow-pinot-noir-2014/p/BP_462632","Pencarrow Pinot Noir 2014",158,3.7,191,"Palliser Estate PencarrowPinotNoir2014","https://www.vivino.com/search/wines?q=Pencarrow+Pinot+Noir+2014"
"/en/wine/pencarrow-pinot-noir-2013/p/BP_410077","PENCARROW PINOT NOIR 2013",158,3.6,196,"Palliser Estate PencarrowPinotNoir2013","https://www.vivino.com/search/wines?q=PENCARROW+PINOT+NOIR+2013"
"/en/wine/acustic-celler-acustic-2016/p/BP_363921","Acustic Celler Acustic 2016",158,3.9,883,"AcusticCeller Montsant Acústic 2016","https://www.vivino.com/search/wines?q=Acustic+Celler+Acustic+2016"
"/en/wine/chateau-goubau-la-source-cotes-de-castillon-2015/p/BP_486340","Chateau Goubau La Source Cotes de Castillon 2015",160,3.6,48,"ChâteauGoubauLaSource2015","https://www.vivino.com/search/wines?q=Chateau+Goubau+La+Source+Cotes+de+Castillon+2015"
"/en/wine/zuccardi-q-malbec-2016/p/BP_158204","Zuccardi Q Malbec 2016",168,3.9,4704,"ZuccardiQMalbec2016","https://www.vivino.com/search/wines?q=Zuccardi+Q+Malbec+2016"
"/en/wine/zuccardi-q-cabernet-sauvignon-2015/p/BP_185904","Zuccardi Q Cabernet Sauvignon 2015",168,3.8,535,"ZuccardiQCabernetSauvignon2015","https://www.vivino.com/search/wines?q=Zuccardi+Q+Cabernet+Sauvignon+2015"
"/en/wine/zuccardi-q-tempranillo-2014/p/BP_138490","Zuccardi Q Tempranillo 2014",168,3.9,1066,"ZuccardiQTempranillo2014","https://www.vivino.com/search/wines?q=Zuccardi+Q+Tempranillo+2014"
"/en/wine/kaiken-ultra-malbec-2017/p/BP_310301","Kaiken Ultra Malbec 2017",168,4,138,"KaikenUltraMalbec2017","https://www.vivino.com/search/wines?q=Kaiken+Ultra+Malbec+2017"
"/en/wine/mount-pleasant-philip-shiraz-2016/p/BP_356080","Mount Pleasant Philip Shiraz 2016",168,3.4,67,"MountPleasantPhilipShiraz2016","https://www.vivino.com/search/wines?q=Mount+Pleasant+Philip+Shiraz+2016"
"/en/wine/pencarrow-pinot-noir-2018/p/BP_392722","Pencarrow Pinot Noir 2018",168,3.7,35,"Palliser Estate PencarrowPinotNoir2018","https://www.vivino.com/search/wines?q=Pencarrow+Pinot+Noir+2018"
"/en/wine/maycas-del-limari-reserva-especial-pinot-noir-2016/p/BP_492740","Maycas del Limari Reserva Especial Pinot Noir 2016",168,3.7,117,"MaycasdelLimariReservaEspecialPinotNoir2016","https://www.vivino.com/search/wines?q=Maycas+del+Limari+Reserva+Especial+Pinot+Noir+2016"
"/en/wine/arboleda-cabernet-sauvignon-2016/p/BP_492872","Arboleda Cabernet Sauvignon 2016",168,3.9,1251,"ArboledaCabernetSauvignon2016","https://www.vivino.com/search/wines?q=Arboleda+Cabernet+Sauvignon+2016"
"/en/wine/clairault-cabernet-sauvignon-2015/p/BP_488475","Clairault Cabernet Sauvignon 2015",168,4.2,43,"ClairaultCabernetSauvignon2015","https://www.vivino.com/search/wines?q=Clairault+Cabernet+Sauvignon+2015"
"/en/wine/zuccardi-q-cabernet-franc-2017/p/BP_329377","Zuccardi Q Cabernet Franc 2017",168,3.9,77,"ZuccardiQCabernetFranc2017","https://www.vivino.com/search/wines?q=Zuccardi+Q+Cabernet+Franc+2017"
"/en/wine/maycas-del-limari-reserva-especial-syrah-2016/p/BP_373195","Maycas del Limari Reserva Especial Syrah 2016",168,3.8,143,"MaycasdelLimariReservaEspecialSyrah2016","https://www.vivino.com/search/wines?q=Maycas+del+Limari+Reserva+Especial+Syrah+2016"
"/en/wine/maycas-del-limari-reserva-especial-pinot-noir-2017/p/BP_373194","Maycas del Limari Reserva Especial Pinot Noir 2017",168,3.7,251,"MaycasdelLimariReservaEspecialPinotNoir2017","https://www.vivino.com/search/wines?q=Maycas+del+Limari+Reserva+Especial+Pinot+Noir+2017"
"/en/wine/zuccardi-q-malbec-2018/p/BP_398972","Zuccardi Q Malbec 2018",168,3.8,167,"ZuccardiQMalbec2018","https://www.vivino.com/search/wines?q=Zuccardi+Q+Malbec+2018"
"/en/wine/arboleda-cabernet-sauvignon-2017/p/BP_399657","Arboleda Cabernet Sauvignon 2017",168,4,432,"ArboledaCabernetSauvignon2017","https://www.vivino.com/search/wines?q=Arboleda+Cabernet+Sauvignon+2017"
"/en/wine/chapel-hill-mclaren-vale-cabernet-sauvignon-2013/p/BP_460547","Chapel Hill McLaren Vale Cabernet Sauvignon 2013",178,3.4,134,"ChapelHill The Parson CabernetSauvignon2013","https://www.vivino.com/search/wines?q=Chapel+Hill+McLaren+Vale+Cabernet+Sauvignon+2013"
"/en/wine/zuccardi-gaucho-seleccion-corte-g-2013/p/BP_491020","Zuccardi Gaucho Seleccion Corte G 2013",178,4,17,"ZuccardiCorteG2013","https://www.vivino.com/search/wines?q=Zuccardi+Gaucho+Seleccion+Corte+G+2013"
"/en/wine/clarendelle-by-chateau-haut-brion-rouge-2015/p/BP_347538","Clarendelle by Chateau Haut Brion Rouge 2015",178,NA,111,"ChâteauHaut Nouchet RougebyHaut Nouchet Bordeaux 2015","https://www.vivino.com/search/wines?q=Clarendelle+by+Chateau+Haut+Brion+Rouge+2015"
"/en/wine/argiolas-korem-isola-dei-nuraghi-rosso-2014-375cl/p/BP_482850","Argiolas Korem Isola dei Nuraghi Rosso 2014 - 37.5cl",178,4.1,4486,"ArgiolasKoremIsoladeiNuraghi","https://www.vivino.com/search/wines?q=Argiolas+Korem+Isola+dei+Nuraghi+Rosso+2014+-+37.5cl"
"/en/wine/causse-darboras-terrasses-du-larzac-la-faille-2016/p/BP_380070","Causse d'Arboras Terrasses Du Larzac La Faille 2016",180,3.4,57,"Domaine duCaussed'ArborasLaFaille2016","https://www.vivino.com/search/wines?q=Causse+d'Arboras+Terrasses+Du+Larzac+La+Faille+2016"
"/en/wine/lostal-cazes-minervois-la-liviniere-2016/p/BP_347539","L'Ostal Cazes Minervois La Liviniere 2016",185,3.9,136,"L'OstalCazes Grand Vin MinervoisLaLivinière2016","https://www.vivino.com/search/wines?q=L'Ostal+Cazes+Minervois+La+Liviniere+2016"
"/en/wine/bodegas-palacio-glorioso-reserva-2015/p/BP_390429","Bodegas Palacio Glorioso Reserva 2015",185,3.7,157,"BodegasPalacioGlorioso Rioja Reserva2015","https://www.vivino.com/search/wines?q=Bodegas+Palacio+Glorioso+Reserva+2015"
"/en/wine/montirius-vacqueyras-garrigues-2015/p/BP_442735","Montirius Vacqueyras Garrigues 2015",185,3.8,460,"MontiriusGarriguesVacqueyras2015","https://www.vivino.com/search/wines?q=Montirius+Vacqueyras+Garrigues+2015"
"/en/wine/chateau-belle-vue-haut-medoc-2016/p/BP_493322","Chateau Belle-Vue Haut Medoc 2016",185,3.8,124,"ChâteauBelle-VueHaut-Médoc2016","https://www.vivino.com/search/wines?q=Chateau+Belle-Vue+Haut+Medoc+2016"
"/en/wine/darenberg-galvo-garage-cabernet-merlot-2013/p/BP_488481","d'Arenberg Galvo Garage Cabernet Merlot 2013",188,3.8,140,"d'Arenberg The GalvoGarage2013","https://www.vivino.com/search/wines?q=d'Arenberg+Galvo+Garage+Cabernet+Merlot+2013"
"/en/wine/kir-yianni-ktima-yianakohori-hills-2015/p/BP_480112","Kir Yianni Ktima Yianakohori Hills 2015",188,3.5,242,"KirYianniYianakohoriHills (<U+039A>t<U+03B7>µa <U+039A><U+03C5><U+03C1>-<U+03B3><U+03B9>a<U+03BD><U+03BD><U+03B7>) 2015","https://www.vivino.com/search/wines?q=Kir+Yianni+Ktima+Yianakohori+Hills+2015"
"/en/wine/darenberg-the-laughing-magpie-shiraz-viognier-2014/p/BP_328491","d'Arenberg The Laughing Magpie Shiraz Viognier 2014",188,3.7,197,"d'ArenbergTheLaughingMagpieShiraz - Viognier2014","https://www.vivino.com/search/wines?q=d'Arenberg+The+Laughing+Magpie+Shiraz+Viognier+2014"
"/en/wine/darenberg-galvo-garage-cabernet-merlot-2014/p/BP_344521","d'Arenberg Galvo Garage Cabernet Merlot 2014",188,3.7,148,"d'Arenberg The GalvoGarage2014","https://www.vivino.com/search/wines?q=d'Arenberg+Galvo+Garage+Cabernet+Merlot+2014"
"/en/wine/frei-brothers-dry-creek-valley-merlot-2017/p/BP_382015","Frei Brothers Dry Creek Valley Merlot 2017",188,4,136,"FreiBrothersMerlot2017","https://www.vivino.com/search/wines?q=Frei+Brothers+Dry+Creek+Valley+Merlot+2017"
"/en/wine/seppeltsfield-barossa-granche-2019/p/BP_383346","Seppeltsfield Barossa Granche 2019",188,NA,46,"St Hallett Ebenezer & Seppeltsfield Shiraz 2019","https://www.vivino.com/search/wines?q=Seppeltsfield+Barossa+Granche+2019"
"/en/wine/frei-brothers-alexander-valley-cabernet-sauvignon-2017/p/BP_392231","Frei Brothers Alexander Valley Cabernet Sauvignon 2017",188,4,345,"FreiBrothersCabernetSauvignon2017","https://www.vivino.com/search/wines?q=Frei+Brothers+Alexander+Valley+Cabernet+Sauvignon+2017"
"/en/wine/frei-brothers-dry-creek-valley-merlot-2016/p/BP_116945","Frei Brothers Dry Creek Valley Merlot 2016",188,3.8,315,"FreiBrothersMerlot2016","https://www.vivino.com/search/wines?q=Frei+Brothers+Dry+Creek+Valley+Merlot+2016"
"/en/wine/frei-brothers-russian-river-valley-pinot-noir-2016/p/BP_328468","Frei Brothers Russian River Valley Pinot Noir 2016",188,3.8,296,"FreiBrothersPinotNoir2016","https://www.vivino.com/search/wines?q=Frei+Brothers+Russian+River+Valley+Pinot+Noir+2016"
"/en/wine/kaesler-the-bogan-shiraz-2017-375cl/p/BP_342803","Kaesler The Bogan Shiraz 2017 - 37.5CL",188,4,2342,"KaeslerTheBogan","https://www.vivino.com/search/wines?q=Kaesler+The+Bogan+Shiraz+2017+-+37.5CL"
"/en/wine/cono-sur-20-barrels-limited-edition-carmenere-2017/p/BP_354834","Cono Sur 20 Barrels Limited Edition Carmenere 2017",188,3.8,35,"ConoSur20BarrelsLimitedEditionCarmenere2017","https://www.vivino.com/search/wines?q=Cono+Sur+20+Barrels+Limited+Edition+Carmenere+2017"
"/en/wine/chapel-hill-mclaren-vale-cabernet-sauvignon-2018/p/BP_376532","Chapel Hill McLaren Vale Cabernet Sauvignon 2018",188,3.6,121,"ChapelHill The Parson CabernetSauvignon2018","https://www.vivino.com/search/wines?q=Chapel+Hill+McLaren+Vale+Cabernet+Sauvignon+2018"
"/en/wine/kir-yianni-ktima-yianakohori-hills-2016/p/BP_383323","Kir Yianni Ktima Yianakohori Hills 2016",188,3.6,423,"KirYianniYianakohoriHills (<U+039A>t<U+03B7>µa <U+039A><U+03C5><U+03C1>-<U+03B3><U+03B9>a<U+03BD><U+03BD><U+03B7>) 2016","https://www.vivino.com/search/wines?q=Kir+Yianni+Ktima+Yianakohori+Hills+2016"
"/en/wine/seppeltsfield-barossa-nero-davola-2019/p/BP_383328","Seppeltsfield Barossa Nero d'Avola 2019",188,3.7,20,"SeppeltsfieldNero d’Avola 2019","https://www.vivino.com/search/wines?q=Seppeltsfield+Barossa+Nero+d'Avola+2019"
"/en/wine/cono-sur-20-barrels-limited-edition-cabernet-sauvignon-2017/p/BP_399077","Cono Sur 20 Barrels Limited Edition Cabernet Sauvignon 2017",188,4,195,"ConoSur20BarrelsLimitedEditionCabernetSauvignon2017","https://www.vivino.com/search/wines?q=Cono+Sur+20+Barrels+Limited+Edition+Cabernet+Sauvignon+2017"
"/en/wine/ampelia-castillon-cotes-de-bordeaux-2015/p/BP_442343","Ampelia Castillon Cotes de Bordeaux 2015",190,3.8,200,"Château Grand Corbin-Despagne Château AmpéliaCastillon - CôtesdeBordeaux2015","https://www.vivino.com/search/wines?q=Ampelia+Castillon+Cotes+de+Bordeaux+2015"
"/en/wine/puygueraud-francs-cotes-de-bordeaux-2015/p/BP_480293","Puygueraud Francs Cotes de Bordeaux 2015",195,3.7,496,"Château PuygueraudFrancs - CôtesdeBordeaux2015","https://www.vivino.com/search/wines?q=Puygueraud+Francs+Cotes+de+Bordeaux+2015"
"/en/wine/puy-blanquet-st-emilion-grand-cru-2016/p/BP_493357","PUY BLANQUET ST EMILION GRAND CRU 2016",195,3.6,95,"Château Puy-Blanquet Saint-ÉmilionGrandCru2016","https://www.vivino.com/search/wines?q=PUY+BLANQUET+ST+EMILION+GRAND+CRU+2016"
"/en/wine/darenberg-the-footbolt-shiraz-2011/p/BP_419311","d'Arenberg The Footbolt Shiraz 2011",198,3.6,763,"d'ArenbergTheFootboltShiraz2011","https://www.vivino.com/search/wines?q=d'Arenberg+The+Footbolt+Shiraz+2011"
"/en/wine/darenberg-darrys-original-shiraz-grenache-2011/p/BP_425043","d'Arenberg d'Arry's Original Shiraz Grenache 2011",198,3.5,237,"d'Arenbergd'Arry'sOriginalShiraz - Grenache2011","https://www.vivino.com/search/wines?q=d'Arenberg+d'Arry's+Original+Shiraz+Grenache+2011"
"/en/wine/greenhough-pinot-noir-2014/p/BP_464476","Greenhough Pinot Noir 2014",198,3.7,30,"GreenhoughPinotNoir2014","https://www.vivino.com/search/wines?q=Greenhough+Pinot+Noir+2014"
"/en/wine/jackson-estate-vintage-widow-pinot-noir-2013/p/BP_473573","Jackson Estate Vintage Widow Pinot Noir 2013",198,3.8,269,"JacksonEstateVintageWidowPinotNoir2013","https://www.vivino.com/search/wines?q=Jackson+Estate+Vintage+Widow+Pinot+Noir+2013"
"/en/wine/wither-hills-pinot-noir-2013/p/BP_471892","Wither Hills Pinot Noir 2013",198,3.3,42,"WitherHillsPinotNoir2013","https://www.vivino.com/search/wines?q=Wither+Hills+Pinot+Noir+2013"
"/en/wine/darenberg-darrys-original-shiraz-grenache-2010/p/BP_382639","d'Arenberg d'Arry's Original Shiraz Grenache 2010",198,3.6,652,"d'Arenbergd'Arry'sOriginalShiraz - Grenache2010","https://www.vivino.com/search/wines?q=d'Arenberg+d'Arry's+Original+Shiraz+Grenache+2010"
"/en/wine/radford-dale-frankenstein-pinotage-2015/p/BP_476572","Radford Dale Frankenstein Pinotage 2015",198,3.4,103,"RadfordDaleFrankensteinPinotage2015","https://www.vivino.com/search/wines?q=Radford+Dale+Frankenstein+Pinotage+2015"
"/en/wine/darenberg-darrys-original-shir-gren-2012/p/BP_440162","D'ARENBERG D'ARRYS ORIGINAL SHIR GREN 2012",198,3.5,226,"d'Arenberg d'Arry's OriginalShiraz - Grenache 2012","https://www.vivino.com/search/wines?q=D'ARENBERG+D'ARRYS+ORIGINAL+SHIR+GREN+2012"
"/en/wine/campbells-bobbie-burns-shiraz-2016/p/BP_328432","Campbells Bobbie Burns Shiraz 2016",198,4,204,"CampbellsBobbieBurnsShiraz2016","https://www.vivino.com/search/wines?q=Campbells+Bobbie+Burns+Shiraz+2016"
"/en/wine/galena-priorat-mc-2015/p/BP_175337","Galena Priorat (M.C.) 2015",198,NA,765,"GalenaPriorat2015","https://www.vivino.com/search/wines?q=Galena+Priorat+(M.C.)+2015"
"/en/wine/zuccardi-poligonos-san-pablo-cabernet-franc-2017/p/BP_328456","Zuccardi Poligonos San Pablo Cabernet Franc 2017",198,4,238,"ZuccardiPoligonosSanPabloCabernetFranc2017","https://www.vivino.com/search/wines?q=Zuccardi+Poligonos+San+Pablo+Cabernet+Franc+2017"
"/en/wine/zuccardi-poligonos-san-pablo-malbec-2017/p/BP_328458","Zuccardi Poligonos San Pablo Malbec 2017 ",198,3.9,861,"ZuccardiPoligonosMalbecSanPablo","https://www.vivino.com/search/wines?q=Zuccardi+Poligonos+San+Pablo+Malbec+2017+"
"/en/wine/trinity-hill-gimblett-gravels-syrah-2018/p/BP_342747","Trinity Hill Gimblett Gravels Syrah 2018",198,3.8,63,"TrinityHillGimblettGravelsSyrah2018","https://www.vivino.com/search/wines?q=Trinity+Hill+Gimblett+Gravels+Syrah+2018"
"/en/wine/wither-hills-pinot-noir-2017/p/BP_383548","Wither Hills Pinot Noir 2017",198,3.6,79,"WitherHillsPinotNoir2017","https://www.vivino.com/search/wines?q=Wither+Hills+Pinot+Noir+2017"
"/en/wine/luca-pinot-noir-2017/p/BP_383458","Luca Pinot Noir 2017",198,4.1,272,"LucaPinotNoir (G Lot) 2017","https://www.vivino.com/search/wines?q=Luca+Pinot+Noir+2017"
"/en/wine/greenhough-pinot-noir-2015/p/BP_476605","GREENHOUGH PINOT NOIR 2015",198,3.5,64,"GreenhoughPinotNoir2015","https://www.vivino.com/search/wines?q=GREENHOUGH+PINOT+NOIR+2015"
"/en/wine/radford-dale-black-rock-2017/p/BP_329371","Radford Dale Black Rock 2017",198,3.7,14,"RadfordDaleBlackRock2017","https://www.vivino.com/search/wines?q=Radford+Dale+Black+Rock+2017"
"/en/wine/thelema-cabernet-sauvignon-2016/p/BP_373426","Thelema Cabernet Sauvignon 2016",198,4,334,"ThelemaCabernetSauvignon2016","https://www.vivino.com/search/wines?q=Thelema+Cabernet+Sauvignon+2016"
"/en/wine/la-reserva-de-caliboro-erasmo-2013/p/BP_376657","La Reserva de Caliboro Erasmo 2013",198,3.9,1473,"Juvé & Camps Cava Gran Reserva Brut Nature Reservadela Familia 2013","https://www.vivino.com/search/wines?q=La+Reserva+de+Caliboro+Erasmo+2013"
"/en/wine/zisola-sicilia-2017/p/BP_373497","Zisola Sicilia 2017",198,3.8,1034,"Mazzei ZisolaSicilia2017","https://www.vivino.com/search/wines?q=Zisola+Sicilia+2017"
"/en/wine/ormes-de-pez-st-estephe-2013/p/BP_485004","Ormes de Pez St Estephe 2013",198,3.7,357,"Château OrmesdePez Saint-Estèphe2013","https://www.vivino.com/search/wines?q=Ormes+de+Pez+St+Estephe+2013"
"/en/wine/comm-g-b-burlotto-barbera-dalba-aves-2018/p/BP_379574","Comm G B Burlotto Barbera D'Alba Aves 2018",198,4,101,"Comm. G.B. Burlotto Barbera d'AlbaAves2018","https://www.vivino.com/search/wines?q=Comm+G+B+Burlotto+Barbera+D'Alba+Aves+2018"
"/en/wine/mr-glover-central-otago-pinot-noir-2018/p/BP_399069","Mr. Glover Central Otago Pinot Noir 2018",198,3.6,574,"Squealing Pig CentralOtagoPinotNoir2018","https://www.vivino.com/search/wines?q=Mr.+Glover+Central+Otago+Pinot+Noir+2018"
"/en/wine/montes-alpha-cuvee-cabernet-sauvignon-2017/p/BP_392720","Montes Alpha Cuvee Cabernet Sauvignon 2017",198,4.1,301,"MontesAlpha Special CuvéeCabernetSauvignon2017","https://www.vivino.com/search/wines?q=Montes+Alpha+Cuvee+Cabernet+Sauvignon+2017"
"/en/wine/jackson-estate-vintage-widow-pinot-noir-2016/p/BP_398971","Jackson Estate Vintage Widow Pinot Noir 2016",198,4,29,"JacksonEstateVintageWidowPinotNoir2016","https://www.vivino.com/search/wines?q=Jackson+Estate+Vintage+Widow+Pinot+Noir+2016"
"/en/wine/carmelo-rodero-crianza-2016/p/BP_171072","Carmelo Rodero Crianza 2016",208,4.1,2181,"CarmeloRodero Ribera del Duero Crianza2016","https://www.vivino.com/search/wines?q=Carmelo+Rodero+Crianza+2016"
"/en/wine/avignonesi-da-di-toscana-rosso-2018/p/BP_396051","Avignonesi Da Di Toscana Rosso 2018",208,3.9,82,"AvignonesiDaDiRosso Biologico 2018","https://www.vivino.com/search/wines?q=Avignonesi+Da+Di+Toscana+Rosso+2018"
"/en/wine/caiarossa-toscana-pergolaia-2014/p/BP_441561","Caiarossa Toscana Pergolaia 2014",208,3.8,195,"CaiarossaPergolaia2014","https://www.vivino.com/search/wines?q=Caiarossa+Toscana+Pergolaia+2014"
"/en/wine/vina-tondonia-reserva-2006-375cl/p/BP_117585","Vina Tondonia Reserva 2006 - 37.5cl",208,4.1,36327,"R. López de Heredia ViñaTondoniaViñaTondoniaReserva","https://www.vivino.com/search/wines?q=Vina+Tondonia+Reserva+2006+-+37.5cl"
"/en/wine/tommasi-ripasso-valpolicella-2016/p/BP_328516","Tommasi Ripasso Valpolicella 2016",208,4.2,47,"Tommasi Fiorato RipassoValpolicella Classico Superiore 2016","https://www.vivino.com/search/wines?q=Tommasi+Ripasso+Valpolicella+2016"
"/en/wine/quinta-do-portal-reserva-red-2016/p/BP_342942","Quinta Do Portal Reserva Red 2016",208,4,1141,"QuintadoPortalDouro ReservaRed2016","https://www.vivino.com/search/wines?q=Quinta+Do+Portal+Reserva+Red+2016"
"/en/wine/francois-labet-bourgogne-pinot-noir-vv-2016-ws-/p/BP_348148","FRANCOIS LABET BOURGOGNE PINOT NOIR VV 2016 (WS)",210,3.4,37,"Pierre Labet - FrançoisLabetBourgognePinotNoir","https://www.vivino.com/search/wines?q=FRANCOIS+LABET+BOURGOGNE+PINOT+NOIR+VV+2016+(WS)"
"/en/wine/clau-de-nell-cuvee-violette-2015/p/BP_486369","Clau De Nell Cuvee Violette 2015",215,3.9,93,"ClaudeNellCuvéeViolette (Cabernet Franc - Cabernet Sauvignon) 2015","https://www.vivino.com/search/wines?q=Clau+De+Nell+Cuvee+Violette+2015"
"/en/wine/louis-boillot-moulin-a-vent-vieilles-vignes-2015/p/BP_364240","Louis Boillot Moulin-a-Vent Vieilles Vignes 2015",215,3.9,63,"LouisBoillot & Fils VieillesVignesMoulin-à-Vent2015","https://www.vivino.com/search/wines?q=Louis+Boillot+Moulin-a-Vent+Vieilles+Vignes+2015"
"/en/wine/de-fonbel-st-emilion-grand-cru-2016/p/BP_493284","De Fonbel St Emilion Grand Cru 2016",215,3.9,157,"Château deFonbel Saint-ÉmilionGrandCru2016","https://www.vivino.com/search/wines?q=De+Fonbel+St+Emilion+Grand+Cru+2016"
"/en/wine/il-borro-pian-di-nova-toscana-rosso-2017/p/BP_392648","IL Borro Pian di Nova Toscana Rosso 2017",218,4,70,"IlBorroToscanaPiandiNovaRosso2017","https://www.vivino.com/search/wines?q=IL+Borro+Pian+di+Nova+Toscana+Rosso+2017"
"/en/wine/chateau-goubau-cotes-de-castillon-2014/p/BP_474875","Chateau Goubau Cotes de Castillon 2014",220,NA,37,"ChâteauGoubau Le G deGoubauCastillon - Côtesde Bordeaux 2014","https://www.vivino.com/search/wines?q=Chateau+Goubau+Cotes+de+Castillon+2014"
"/en/wine/fourcas-dupre-listrac-medoc-2016/p/BP_481781","Fourcas Dupre Listrac Medoc 2016",220,3.7,399,"Château FourcasDupréListrac-Médoc2016","https://www.vivino.com/search/wines?q=Fourcas+Dupre+Listrac+Medoc+2016"
"/en/wine/chateau-goubau-cotes-de-castillon-2015/p/BP_486339","Chateau Goubau Cotes de Castillon 2015",220,NA,48,"ChâteauGoubau Le G deGoubauCastillon - Côtesde Bordeaux 2015","https://www.vivino.com/search/wines?q=Chateau+Goubau+Cotes+de+Castillon+2015"
"/en/wine/frei-brothers-russian-river-valley-pinot-noir-2012/p/BP_439501","Frei Brothers Russian River Valley Pinot Noir 2012",228,3.6,665,"FreiBrothersPinotNoir2012","https://www.vivino.com/search/wines?q=Frei+Brothers+Russian+River+Valley+Pinot+Noir+2012"
"/en/wine/ampelidae-pn-1328-2013/p/BP_444387","Ampelidae PN 1328 2013",228,3.5,14,"Ampelidae P.N. 13282013","https://www.vivino.com/search/wines?q=Ampelidae+PN+1328+2013"
"/en/wine/kalleske-pirathon-by-kalleske-2013/p/BP_449129","Kalleske Pirathon By Kalleske 2013",228,NA,169,"Kalleske Plenarius 2013","https://www.vivino.com/search/wines?q=Kalleske+Pirathon+By+Kalleske+2013"
"/en/wine/kaesler-avignon-2014/p/BP_473519","Kaesler Avignon 2014",228,3.8,28,"KaeslerAvignon2014","https://www.vivino.com/search/wines?q=Kaesler+Avignon+2014"
"/en/wine/kaesler-avignon-2015/p/BP_485630","Kaesler Avignon 2015",228,3.9,52,"KaeslerAvignon2015","https://www.vivino.com/search/wines?q=Kaesler+Avignon+2015"
"/en/wine/thistledown-thorny-devil-barossa-valley-grenache-2016/p/BP_162550","Thistledown Thorny Devil Barossa Valley Grenache 2016",228,3.8,36,"ThistledownThornyDevil Single Vineyard Old Vine Grenache2016","https://www.vivino.com/search/wines?q=Thistledown+Thorny+Devil+Barossa+Valley+Grenache+2016"
"/en/wine/campbells-rutherglen-durif-2016/p/BP_134032","Campbells Rutherglen Durif 2016",228,3.9,44,"Campbells Limited Release RutherglenDurif2016","https://www.vivino.com/search/wines?q=Campbells+Rutherglen+Durif+2016"
"/en/wine/neudorf-toms-block-pinot-noir-2016/p/BP_328338","Neudorf Tom's Block Pinot Noir 2016",228,4,149,"Neudorf Vineyards Tom'sBlockPinotNoir2016","https://www.vivino.com/search/wines?q=Neudorf+Tom's+Block+Pinot+Noir+2016"
"/en/wine/prats-symington-post-scriptum-de-chryseia-2017/p/BP_341373","Prats & Symington Post Scriptum de Chryseia 2017",228,4,14008,"Prats & Symington (P+S) Post Scriptum (de Chryseia) Douro","https://www.vivino.com/search/wines?q=Prats+&+Symington+Post+Scriptum+de+Chryseia+2017"
"/en/wine/fattoria-le-pupille-morellino-di-scansano-riserva-2015/p/BP_376694","Fattoria Le Pupille Morellino di Scansano Riserva 2015",228,3.8,230,"FattorialePupilleMorellinodiScansanoRiserva2015","https://www.vivino.com/search/wines?q=Fattoria+Le+Pupille+Morellino+di+Scansano+Riserva+2015"
"/en/wine/montes-outer-limits-pinot-noir-2017/p/BP_356364","Montes Outer Limits Pinot Noir 2017",228,4,161,"OuterLimits Zapallar Coast PinotNoir2017","https://www.vivino.com/search/wines?q=Montes+Outer+Limits+Pinot+Noir+2017"
"/en/wine/katnook-estate-shiraz-2016/p/BP_392191","Katnook Estate Shiraz 2016",228,3.8,1518,"Taylors / Wakefield EstateShiraz2016","https://www.vivino.com/search/wines?q=Katnook+Estate+Shiraz+2016"
"/en/wine/luca-malbec-2017/p/BP_383461","Luca Malbec 2017",228,4.2,36,"LucaMalbec2017","https://www.vivino.com/search/wines?q=Luca+Malbec+2017"
"/en/wine/campbells-rutherglen-durif-2017/p/BP_379919","Campbells Rutherglen Durif 2017",228,4,29,"Campbells Limited Release RutherglenDurif2017","https://www.vivino.com/search/wines?q=Campbells+Rutherglen+Durif+2017"
"/en/wine/katnook-estate-merlot-2017/p/BP_392710","Katnook Estate Merlot 2017",228,3.6,673,"Beringer Founders' EstateMerlot2017","https://www.vivino.com/search/wines?q=Katnook+Estate+Merlot+2017"
"/en/wine/katnook-estate-merlot-2015/p/BP_166971","Katnook Estate Merlot 2015",228,3.7,916,"Beringer Founders' EstateMerlot2015","https://www.vivino.com/search/wines?q=Katnook+Estate+Merlot+2015"
"/en/wine/livon-friuli-igt-tiareblu-2013/p/BP_470867","Livon Friuli IGT Tiareblu 2013",228,3.9,20,"LivonTiareblù2013","https://www.vivino.com/search/wines?q=Livon+Friuli+IGT+Tiareblu+2013"
"/en/wine/domaine-belle-crozes-hermitage-les-pierrelles-2017/p/BP_379729","Domaine Belle Crozes Hermitage les Pierrelles 2017",230,4,159,"DomaineBelleLesPierrellesCrozes-Hermitage2017","https://www.vivino.com/search/wines?q=Domaine+Belle+Crozes+Hermitage+les+Pierrelles+2017"
"/en/wine/pierre-jean-villa-crozes-hermitage-accroche-coeur-2018/p/BP_390598","Pierre Jean Villa Crozes Hermitage Accroche Coeur 2018",230,4.3,12,"PierreJeanVillaAccrocheCœur Crozes-Hermitage 2018","https://www.vivino.com/search/wines?q=Pierre+Jean+Villa+Crozes+Hermitage+Accroche+Coeur+2018"
"/en/wine/katnook-estate-cabernet-sauvignon-2012/p/BP_444358","Katnook Estate Cabernet Sauvignon 2012",238,3.5,3273,"Beringer Founders' EstateCabernetSauvignon2012","https://www.vivino.com/search/wines?q=Katnook+Estate+Cabernet+Sauvignon+2012"
"/en/wine/frankland-estate-isolation-ridge-cabernet-sauvignon-2011/p/BP_450323","Frankland Estate Isolation Ridge Cabernet Sauvignon 2011",238,3.3,26,"FranklandEstateIsolationRidge Vineyard CabernetSauvignon2011","https://www.vivino.com/search/wines?q=Frankland+Estate+Isolation+Ridge+Cabernet+Sauvignon+2011"
"/en/wine/katnook-est-cabernet-sauvignon-2011/p/BP_387926","KATNOOK EST CABERNET SAUVIGNON 2011",238,3.7,172,"KatnookCabernetSauvignon2011","https://www.vivino.com/search/wines?q=KATNOOK+EST+CABERNET+SAUVIGNON+2011"
"/en/wine/fromm-la-strada-syrah-2014/p/BP_476576","Fromm La Strada Syrah 2014",238,3.8,46,"Fromm Winery LaStradaSyrah2014","https://www.vivino.com/search/wines?q=Fromm+La+Strada+Syrah+2014"
"/en/wine/kir-yianni-kali-riza-2015/p/BP_476601","Kir Yianni Kali Riza 2015",238,3.4,211,"KirYianniKaliRiza (<U+039A><U+0391><U+039B><U+0397> <U+03A1><U+0399><U+0396><U+0391>) Vieilles Vignes 2015","https://www.vivino.com/search/wines?q=Kir+Yianni+Kali+Riza+2015"
"/en/wine/radford-dale-black-rock-2015/p/BP_478265","Radford Dale Black Rock 2015",238,3.7,282,"RadfordDaleBlackRock2015","https://www.vivino.com/search/wines?q=Radford+Dale+Black+Rock+2015"
"/en/wine/katnook-estate-cabernet-sauvignon-2013/p/BP_465873","Katnook Estate Cabernet Sauvignon 2013",238,3.5,3301,"Beringer Founders' EstateCabernetSauvignon2013","https://www.vivino.com/search/wines?q=Katnook+Estate+Cabernet+Sauvignon+2013"
"/en/wine/frankland-estate-isolation-ridge-cabernet-sauvignon-2013/p/BP_488486","Frankland Estate Isolation Ridge Cabernet Sauvignon 2013",238,3.6,25,"FranklandEstateIsolationRidge Vineyard CabernetSauvignon2013","https://www.vivino.com/search/wines?q=Frankland+Estate+Isolation+Ridge+Cabernet+Sauvignon+2013"
"/en/wine/kir-yianni-kali-riza-2014/p/BP_467700","Kir Yianni Kali Riza 2014",238,3.3,148,"KirYianniKaliRiza (<U+039A><U+0391><U+039B><U+0397> <U+03A1><U+0399><U+0396><U+0391>) Vieilles Vignes 2014","https://www.vivino.com/search/wines?q=Kir+Yianni+Kali+Riza+2014"
"/en/wine/pegasus-bay-merlot-cabernet-2016/p/BP_480311","Pegasus Bay Merlot Cabernet 2016",238,4.1,257,"PegasusBayMerlot - Cabernet2016","https://www.vivino.com/search/wines?q=Pegasus+Bay+Merlot+Cabernet+2016"
"/en/wine/katnook-estate-shiraz-2015/p/BP_442331","Katnook Estate Shiraz 2015",238,3.7,733,"Taylors / Wakefield EstateShiraz2015","https://www.vivino.com/search/wines?q=Katnook+Estate+Shiraz+2015"
"/en/wine/katnook-estate-cabernet-sauvignon-2014/p/BP_113524","Katnook Estate Cabernet Sauvignon 2014",238,3.6,3239,"Beringer Founders' EstateCabernetSauvignon2014","https://www.vivino.com/search/wines?q=Katnook+Estate+Cabernet+Sauvignon+2014"
"/en/wine/katnook-estate-cabernet-sauvignon-2015/p/BP_307158","Katnook Estate Cabernet Sauvignon 2015",238,3.7,4246,"Beringer Founders' EstateCabernetSauvignon2015","https://www.vivino.com/search/wines?q=Katnook+Estate+Cabernet+Sauvignon+2015"
"/en/wine/kir-yianni-kali-riza-2016/p/BP_117454","Kir Yianni Kali Riza 2016",238,3.5,213,"KirYianniKaliRiza (<U+039A><U+0391><U+039B><U+0397> <U+03A1><U+0399><U+0396><U+0391>) Vieilles Vignes 2016","https://www.vivino.com/search/wines?q=Kir+Yianni+Kali+Riza+2016"
"/en/wine/frankland-estate-isolation-ridge-shiraz-2015/p/BP_310317","Frankland Estate Isolation Ridge Shiraz 2015",238,3.8,53,"FranklandEstateIsolationRidge Vineyard Shiraz2015","https://www.vivino.com/search/wines?q=Frankland+Estate+Isolation+Ridge+Shiraz+2015"
"/en/wine/tandem-macula-2013/p/BP_341385","Tandem Macula 2013",238,3.9,55,"Bodega TandemMácula2013","https://www.vivino.com/search/wines?q=Tandem+Macula+2013"
"/en/wine/katnook-estate-cabernet-sauvignon-2016/p/BP_383439","Katnook Estate Cabernet Sauvignon 2016",238,3.7,5700,"Beringer Founders' EstateCabernetSauvignon2016","https://www.vivino.com/search/wines?q=Katnook+Estate+Cabernet+Sauvignon+2016"
"/en/wine/cullen-mangan-vineyard-red-moon-2017/p/BP_379756","Cullen Mangan Vineyard Red Moon 2017",238,3.6,231,"CullenManganVineyardRedMoon2017","https://www.vivino.com/search/wines?q=Cullen+Mangan+Vineyard+Red+Moon+2017"
"/en/wine/radford-dale-syrah-2014/p/BP_491213","Radford Dale Syrah 2014",238,2.3,13,"RadfordDaleSyrah2014","https://www.vivino.com/search/wines?q=Radford+Dale+Syrah+2014"
"/en/wine/fromm-pinot-noir-2017/p/BP_328603","Fromm Pinot Noir 2017",238,NA,28,"Weingut FrommPinotNoir2017","https://www.vivino.com/search/wines?q=Fromm+Pinot+Noir+2017"
"/en/wine/louis-m-martini-alexander-valley-cabernet-sauvignon-2016/p/BP_344485","Louis M Martini Alexander Valley Cabernet Sauvignon 2016 ",238,4,5227,"LouisM. Martini AlexanderValleyCabernetSauvignon","https://www.vivino.com/search/wines?q=Louis+M+Martini+Alexander+Valley+Cabernet+Sauvignon+2016+"
"/en/wine/cape-mentelle-cabernet-merlot-2016/p/BP_354888","Cape Mentelle Cabernet Merlot 2016",238,3.6,146,"CapeMentelleCabernet - Merlot2016","https://www.vivino.com/search/wines?q=Cape+Mentelle+Cabernet+Merlot+2016"
"/en/wine/montes-alpha-cuvee-pinot-noir-2017/p/BP_342800","Montes Alpha Cuvee Pinot Noir 2017",238,3.9,34,"MontesAlpha Special CuvéePinotNoir2017","https://www.vivino.com/search/wines?q=Montes+Alpha+Cuvee+Pinot+Noir+2017"
"/en/wine/kir-yianni-kali-riza-2017/p/BP_374137","Kir Yianni Kali Riza 2017",238,3.8,57,"KirYianniKaliRiza (<U+039A><U+0391><U+039B><U+0397> <U+03A1><U+0399><U+0396><U+0391>) Vieilles Vignes 2017","https://www.vivino.com/search/wines?q=Kir+Yianni+Kali+Riza+2017"
"/en/wine/la-reserva-de-caliboro-erasmo-barrel-selection-cabernet-franc-2013/p/BP_376658","La Reserva de Caliboro Erasmo Barrel Selection Cabernet Franc 2013",238,3.7,15,"Bodegas Castillo Viejo CataMayor Vieja ParcelaReservadeLa Familia CabernetFranc2013","https://www.vivino.com/search/wines?q=La+Reserva+de+Caliboro+Erasmo+Barrel+Selection+Cabernet+Franc+2013"
"/en/wine/montes-alpha-cabernet-sauvignon-2018-30-years-limited-edition-/p/BP_392631","Montes Alpha Cabernet Sauvignon 2018 (30 Years Limited Edition)",238,3.3,238,"MontesLimited Edition CabernetSauvignon","https://www.vivino.com/search/wines?q=Montes+Alpha+Cabernet+Sauvignon+2018+(30+Years+Limited+Edition)"
"/en/wine/caiarossa-toscana-pergolaia-2015/p/BP_480175","Caiarossa Toscana Pergolaia 2015",238,3.9,58,"CaiarossaPergolaia2015","https://www.vivino.com/search/wines?q=Caiarossa+Toscana+Pergolaia+2015"
"/en/wine/tenuta-dellornellaia-le-volte-2016/p/BP_492744","Tenuta dell'Ornellaia Le Volte 2016",245,3.9,7393,"Ornellaia LeVolte2016","https://www.vivino.com/search/wines?q=Tenuta+dell'Ornellaia+Le+Volte+2016"
"/en/wine/argyle-willamette-valley-pinot-noir-2015/p/BP_478364","Argyle Willamette Valley Pinot Noir 2015",248,3.8,1119,"ArgylePinotNoir2015","https://www.vivino.com/search/wines?q=Argyle+Willamette+Valley+Pinot+Noir+2015"
"/en/wine/mission-estate-jewelstone-antoine-2013/p/BP_446154","Mission Estate Jewelstone Antoine 2013",248,3.9,24,"MissionEstate Winery JewelstoneAntoine2013","https://www.vivino.com/search/wines?q=Mission+Estate+Jewelstone+Antoine+2013"
"/en/wine/clonakilla-hilltops-shiraz-2015/p/BP_474903","Clonakilla Hilltops Shiraz 2015",248,3.7,328,"ClonakillaHilltopsShiraz2015","https://www.vivino.com/search/wines?q=Clonakilla+Hilltops+Shiraz+2015"
"/en/wine/clonakilla-hilltops-shiraz-2016/p/BP_491061","Clonakilla Hilltops Shiraz 2016",248,3.9,275,"ClonakillaHilltopsShiraz2016","https://www.vivino.com/search/wines?q=Clonakilla+Hilltops+Shiraz+2016"
"/en/wine/argyle-willamette-valley-pinot-noir-2016/p/BP_441615","Argyle Willamette Valley Pinot Noir 2016",248,3.9,1176,"ArgylePinotNoir2016","https://www.vivino.com/search/wines?q=Argyle+Willamette+Valley+Pinot+Noir+2016"
"/en/wine/mount-pleasant-rosehill-shiraz-2017/p/BP_310368","Mount Pleasant Rosehill Shiraz 2017",248,3.9,40,"MountPleasantRosehillShiraz2017","https://www.vivino.com/search/wines?q=Mount+Pleasant+Rosehill+Shiraz+2017"
"/en/wine/de-bortoli-vinoque-yarra-valley-same-same-pinot-blend-2018/p/BP_328439","De Bortoli Vinoque Yarra Valley 'Same Same' Pinot Blend 2018",248,3.3,31,"DeBortoli Regional Reserve YarraValleyPinot Noir 2018","https://www.vivino.com/search/wines?q=De+Bortoli+Vinoque+Yarra+Valley+'Same+Same'+Pinot+Blend+2018"
"/en/wine/olivers-taranga-tempranillo-2017/p/BP_344433","Oliver's Taranga Tempranillo 2017",248,3.8,25,"Oliver'sTarangaTempranillo2017","https://www.vivino.com/search/wines?q=Oliver's+Taranga+Tempranillo+2017"
"/en/wine/fox-gordon-the-dark-prince-nero-davola-2017/p/BP_382744","Fox Gordon The Dark Prince Nero d'Avola 2017",248,3.8,42,"FoxGordon Wines TheDarkPrinceNerod'Avola2017","https://www.vivino.com/search/wines?q=Fox+Gordon+The+Dark+Prince+Nero+d'Avola+2017"
"/en/wine/springs-road-wines-kangaroo-island-cabernet-sauvignon-2017/p/BP_392696","Springs Road Wines Kangaroo Island Cabernet Sauvignon 2017",248,NA,32,"SpringsRoadCabernetSauvignon2017","https://www.vivino.com/search/wines?q=Springs+Road+Wines+Kangaroo+Island+Cabernet+Sauvignon+2017"
"/en/wine/robert-biale-founding-farmers-zinfandel-2016/p/BP_306973","Robert Biale Founding Farmers Zinfandel 2016",248,3.7,30,"RobertBiale Vineyards FoundingFarmersZinfandel2016","https://www.vivino.com/search/wines?q=Robert+Biale+Founding+Farmers+Zinfandel+2016"
"/en/wine/alcohuaz-grus-2017/p/BP_328416","Alcohuaz Grus 2017",248,3.9,106,"Viñedos de AlcohuazGrus de Alcohuaz Mezcla Tinta 2017","https://www.vivino.com/search/wines?q=Alcohuaz+Grus+2017"
"/en/wine/trinity-hill-gimblett-gravels-tempranillo-2017/p/BP_342746","Trinity Hill Gimblett Gravels Tempranillo 2017",248,3.7,39,"TrinityHillGimblettGravelsTempranillo2017","https://www.vivino.com/search/wines?q=Trinity+Hill+Gimblett+Gravels+Tempranillo+2017"
"/en/wine/trinity-hill-the-gimblett-2016/p/BP_342748","Trinity Hill The Gimblett 2016",248,4,61,"TrinityHillTheGimblett2016","https://www.vivino.com/search/wines?q=Trinity+Hill+The+Gimblett+2016"
"/en/wine/olivers-taranga-shiraz-2017/p/BP_344435","Oliver's Taranga Shiraz 2017",248,4,230,"Oliver'sTarangaShiraz2017","https://www.vivino.com/search/wines?q=Oliver's+Taranga+Shiraz+2017"
"/en/wine/cono-sur-20-barrels-limited-edition-cabernet-sauvignon-2016/p/BP_310249","Cono Sur 20 Barrels Limited Edition Cabernet Sauvignon 2016",248,4,702,"ConoSur20BarrelsLimitedEditionCabernetSauvignon2016","https://www.vivino.com/search/wines?q=Cono+Sur+20+Barrels+Limited+Edition+Cabernet+Sauvignon+2016"
"/en/wine/hirsch-vineyards-san-andreas-fault-pinot-noir-2016-375cl/p/BP_328453","Hirsch Vineyards San Andreas Fault Pinot Noir 2016 - 37.5cl",248,4.2,3561,"HirschVineyardsSanAndreasFaultPinotNoir","https://www.vivino.com/search/wines?q=Hirsch+Vineyards+San+Andreas+Fault+Pinot+Noir+2016+-+37.5cl"
"/en/wine/cono-sur-20-barrels-limited-edition-syrah-2017/p/BP_342662","Cono Sur 20 Barrels Limited Edition Syrah 2017",248,4,221,"ConoSur20BarrelsLimitedEditionSyrah2017","https://www.vivino.com/search/wines?q=Cono+Sur+20+Barrels+Limited+Edition+Syrah+2017"
"/en/wine/springs-road-wines-kangaroo-island-shiraz-2017/p/BP_392695","Springs Road Wines Kangaroo Island Shiraz 2017",248,NA,32,"SpringsRoad Vineyard Jolly Roger KangarooIsland Petit Verdot Cabernet Shiraz2017","https://www.vivino.com/search/wines?q=Springs+Road+Wines+Kangaroo+Island+Shiraz+2017"
"/en/wine/bodega-del-desierto-pampa-cabernet-franc-2015/p/BP_399687","Bodega del Desierto Pampa Cabernet Franc 2015",248,3.9,287,"BodegadelDesiertoPampaCabernetFranc2015","https://www.vivino.com/search/wines?q=Bodega+del+Desierto+Pampa+Cabernet+Franc+2015"
"/en/wine/bodega-del-desierto-pampa-malbec-2015/p/BP_399688","Bodega del Desierto Pampa Malbec 2015",248,4,113,"BodegadelDesiertoPampaMalbec2015","https://www.vivino.com/search/wines?q=Bodega+del+Desierto+Pampa+Malbec+2015"
"/en/wine/terroir-al-limit-historic-2017/p/BP_495283","Terroir Al Limit Historic 2017",248,3.6,293,"TerroirAlLímit Soc. Lda Historic Tinto 2017","https://www.vivino.com/search/wines?q=Terroir+Al+Limit+Historic+2017"
"/en/wine/ceretto-piana-barbera-dalba-2018/p/BP_341487","Ceretto Piana Barbera d'Alba 2018",248,3.8,39,"CerettoBarberad'AlbaPiana2018","https://www.vivino.com/search/wines?q=Ceretto+Piana+Barbera+d'Alba+2018"
"/en/wine/turkey-flat-butchers-block-red-2016/p/BP_176822","TURKEY FLAT BUTCHERS BLOCK RED 2016",250,3.6,189,"TurkeyFlat Butcher's BlockRed2016","https://www.vivino.com/search/wines?q=TURKEY+FLAT+BUTCHERS+BLOCK+RED+2016"
"/en/wine/castillo-perelada-balduino-fabiola-reserva-2014/p/BP_441560","Castillo Perelada Balduino & Fabiola Reserva 2014",258,3.9,1103,"CastilloPerelada Empordà Grande Reserve Speciale Balduino y Fabiola","https://www.vivino.com/search/wines?q=Castillo+Perelada+Balduino+&+Fabiola+Reserva+2014"
"/en/wine/vizcarra-15-meses-ribera-del-duero-2014/p/BP_441344","Vizcarra 15 Meses Ribera Del Duero 2014",258,4.1,19,"Vizcarra15MesesRiberadelDuero2014","https://www.vivino.com/search/wines?q=Vizcarra+15+Meses+Ribera+Del+Duero+2014"
"/en/wine/ollauri-conde-de-los-andes-2015/p/BP_116586","Ollauri Conde de los Andes 2015",258,4,233,"CondedeLosAndes Rioja 2015","https://www.vivino.com/search/wines?q=Ollauri+Conde+de+los+Andes+2015"
"/en/wine/castillo-perelada-balduino-fabiola-reserva-2015/p/BP_175423","Castillo Perelada Balduino & Fabiola Reserva 2015",258,3.9,1103,"CastilloPerelada Empordà Grande Reserve Speciale Balduino y Fabiola","https://www.vivino.com/search/wines?q=Castillo+Perelada+Balduino+&+Fabiola+Reserva+2015"
"/en/wine/schug-sonoma-valley-merlot-2014/p/BP_356817","Schug Sonoma Valley Merlot 2014",258,3.7,36,"SchugMerlot2014","https://www.vivino.com/search/wines?q=Schug+Sonoma+Valley+Merlot+2014"
"/en/wine/clau-de-nell-cuvee-violette-2011/p/BP_384194","Clau De Nell Cuvee Violette 2011",260,3.8,196,"ClaudeNellCuvéeViolette (Cabernet Franc - Cabernet Sauvignon) 2011","https://www.vivino.com/search/wines?q=Clau+De+Nell+Cuvee+Violette+2011"
"/en/wine/evans-tate-redbrook-shiraz-2010/p/BP_382642","Evans & Tate Redbrook Shiraz 2010",268,4.2,1354,"Petaluma Yellow Label Evans Vineyard","https://www.vivino.com/search/wines?q=Evans+&+Tate+Redbrook+Shiraz+2010"
"/en/wine/de-bortoli-estate-grown-shiraz-2012/p/BP_439583","De Bortoli Estate Grown Shiraz 2012",268,3.2,31,"DeBortoliEstateGrownShiraz2012","https://www.vivino.com/search/wines?q=De+Bortoli+Estate+Grown+Shiraz+2012"
"/en/wine/de-bortoli-estate-grown-shiraz-2013/p/BP_444519","De Bortoli Estate Grown Shiraz 2013",268,3.4,73,"DeBortoliEstateGrownShiraz2013","https://www.vivino.com/search/wines?q=De+Bortoli+Estate+Grown+Shiraz+2013"
"/en/wine/kir-yianni-ramnista-2013/p/BP_476598","Kir Yianni Ramnista 2013",268,3.8,646,"KirYianni Single Vineyard Xinomavro Ramnista2013","https://www.vivino.com/search/wines?q=Kir+Yianni+Ramnista+2013"
"/en/wine/tenuta-dellornellaia-le-volte-2015/p/BP_478360","Tenuta dell'Ornellaia Le Volte 2015",268,3.9,7616,"Ornellaia LeVolte2015","https://www.vivino.com/search/wines?q=Tenuta+dell'Ornellaia+Le+Volte+2015"
"/en/wine/tenuta-dellornellaia-le-volte-2014/p/BP_460442","Tenuta dell'Ornellaia Le Volte 2014",268,3.8,6641,"Ornellaia LeVolte2014","https://www.vivino.com/search/wines?q=Tenuta+dell'Ornellaia+Le+Volte+2014"
"/en/wine/evans-tate-redbrook-cabernet-sauvignon-2010/p/BP_382643","Evans & Tate Redbrook Cabernet Sauvignon 2010",268,4.2,1354,"Petaluma Yellow Label Evans Vineyard","https://www.vivino.com/search/wines?q=Evans+&+Tate+Redbrook+Cabernet+Sauvignon+2010"
"/en/wine/kir-yianni-ramnista-2015/p/BP_113648","Kir Yianni Ramnista 2015",268,3.6,674,"KirYianni Single Vineyard Xinomavro Ramnista2015","https://www.vivino.com/search/wines?q=Kir+Yianni+Ramnista+2015"
"/en/wine/henrys-drive-shiraz-2015/p/BP_376531","Henry's Drive Shiraz 2015",268,3.3,37,"Henry'sDriveShiraz2015","https://www.vivino.com/search/wines?q=Henry's+Drive+Shiraz+2015"
"/en/wine/la-coste-provence-grand-vin-red-2016/p/BP_376808","La Coste Provence Grand Vin Red 2016",268,NA,65,"Château LaCosteGrandVin Rosé 2016","https://www.vivino.com/search/wines?q=La+Coste+Provence+Grand+Vin+Red+2016"
"/en/wine/crossbarn-by-paul-hobbs-sonoma-coast-pinot-noir-2017/p/BP_398995","Crossbarn by Paul Hobbs Sonoma Coast Pinot Noir 2017",268,4.1,376,"PaulHobbsCrossBarnSonomaCoastPinotNoir2017","https://www.vivino.com/search/wines?q=Crossbarn+by+Paul+Hobbs+Sonoma+Coast+Pinot+Noir+2017"
"/en/wine/borsao-tres-picos-2017/p/BP_304053","Borsao Tres Picos 2017",268,4.1,2703,"BorsaoTresPicos Garnacha 2017","https://www.vivino.com/search/wines?q=Borsao+Tres+Picos+2017"
"/en/wine/alcohuaz-tococo-syrah-2016/p/BP_328421","Alcohuaz Tococo Syrah 2016",268,4,48,"Viñedos de AlcohuazTococo de AlcohuazSyrah2016","https://www.vivino.com/search/wines?q=Alcohuaz+Tococo+Syrah+2016"
"/en/wine/ceretto-monsordo-2016/p/BP_175230","Ceretto Monsordo 2016",268,3.8,222,"CerettoMonsordo Rosso 2016","https://www.vivino.com/search/wines?q=Ceretto+Monsordo+2016"
"/en/wine/kir-yianni-ramnista-2016/p/BP_383324","Kir Yianni Ramnista 2016",268,3.8,207,"KirYianni Single Vineyard Xinomavro Ramnista2016","https://www.vivino.com/search/wines?q=Kir+Yianni+Ramnista+2016"
"/en/wine/cullen-cabernet-merlot-2018/p/BP_398961","Cullen Cabernet Merlot 2018",268,4.1,48,"CullenCabernet Sauvignon - Merlot2018","https://www.vivino.com/search/wines?q=Cullen+Cabernet+Merlot+2018"
"/en/wine/clau-de-nell-cuvee-violette-2012/p/BP_422477","Clau De Nell Cuvee Violette 2012",273,3.5,140,"ClaudeNellCuvéeViolette (Cabernet Franc - Cabernet Sauvignon) 2012","https://www.vivino.com/search/wines?q=Clau+De+Nell+Cuvee+Violette+2012"
"/en/wine/les-vins-de-vienne-st-joseph-larzelle-2013/p/BP_450394","Les Vins de Vienne St Joseph L'Arzelle 2013",275,3.5,44,"LesVinsdeVienne - Cuilleron-Gaillard-Villard Saint-Joseph 'L'Arzelle' 2013","https://www.vivino.com/search/wines?q=Les+Vins+de+Vienne+St+Joseph+L'Arzelle+2013"
"/en/wine/les-vins-de-vienne-st-joseph-larzelle-2016/p/BP_341209","Les Vins de Vienne St Joseph L'Arzelle 2016",275,3.5,15,"LesVinsdeVienne - Cuilleron-Gaillard-Villard Saint-Joseph 'L'Arzelle' 2016","https://www.vivino.com/search/wines?q=Les+Vins+de+Vienne+St+Joseph+L'Arzelle+2016"
"/en/wine/clau-de-nell-cuvee-violette-2013/p/BP_444390","Clau De Nell Cuvee Violette 2013",278,3.6,135,"ClaudeNellCuvéeViolette (Cabernet Franc - Cabernet Sauvignon) 2013","https://www.vivino.com/search/wines?q=Clau+De+Nell+Cuvee+Violette+2013"
"/en/wine/clau-de-nell-cuvee-violette-2014/p/BP_460568","Clau De Nell Cuvee Violette 2014",278,3.7,195,"ClaudeNellCuvéeViolette (Cabernet Franc - Cabernet Sauvignon) 2014","https://www.vivino.com/search/wines?q=Clau+De+Nell+Cuvee+Violette+2014"
"/en/wine/trefethen-estate-merlot-2014/p/BP_476569","Trefethen Estate Merlot 2014",278,3.4,474,"Beringer Founders' EstateMerlot2014","https://www.vivino.com/search/wines?q=Trefethen+Estate+Merlot+2014"
"/en/wine/fromm-la-strada-pinot-noir-2014/p/BP_465957","Fromm La Strada Pinot Noir 2014",278,3.6,167,"Fromm Winery LaStradaPinotNoir2014","https://www.vivino.com/search/wines?q=Fromm+La+Strada+Pinot+Noir+2014"
"/en/wine/fromm-la-strada-pinot-noir-2012/p/BP_428843","Fromm La Strada Pinot Noir 2012",278,3.5,37,"Fromm Winery LaStradaPinotNoir2012","https://www.vivino.com/search/wines?q=Fromm+La+Strada+Pinot+Noir+2012"
"/en/wine/mazzei-chianti-classico-ser-lapo-riserva-2014/p/BP_480109","Mazzei Chianti Classico Ser Lapo Riserva 2014",278,3.8,906,"MazzeiChiantiClassicoRiservaSerLapo2014","https://www.vivino.com/search/wines?q=Mazzei+Chianti+Classico+Ser+Lapo+Riserva+2014"
"/en/wine/clau-de-nell-cuvee-violette-2016/p/BP_304079","Clau De Nell Cuvee Violette 2016",278,3.8,76,"ClaudeNellCuvéeViolette (Cabernet Franc - Cabernet Sauvignon) 2016","https://www.vivino.com/search/wines?q=Clau+De+Nell+Cuvee+Violette+2016"
"/en/wine/ceretto-monsordo-2017/p/BP_341516","Ceretto Monsordo 2017",278,3.7,23,"CerettoMonsordo Rosso 2017","https://www.vivino.com/search/wines?q=Ceretto+Monsordo+2017"
"/en/wine/potensac-medoc-2008/p/BP_371416","Potensac Medoc 2008",280,3.8,1025,"Château PotensacMédoc2008","https://www.vivino.com/search/wines?q=Potensac+Medoc+2008"
"/en/wine/sarget-de-gruaud-larose-st-julien-2nd-wine-2015/p/BP_460061","Sarget de Gruaud Larose St Julien 2nd Wine 2015",280,4,652,"Château GruaudLaroseSargetdeGruaud-Larose Saint-Julien2015","https://www.vivino.com/search/wines?q=Sarget+de+Gruaud+Larose+St+Julien+2nd+Wine+2015"
"/en/wine/serilhan-saint-estephe-2016/p/BP_341139","SERILHAN SAINT ESTEPHE 2016",280,3.9,139,"Château SérilhanSaint-Estèphe2016","https://www.vivino.com/search/wines?q=SERILHAN+SAINT+ESTEPHE+2016"
"/en/wine/blason-dissan-margaux-2nd-wine-2016/p/BP_347258","Blason d'Issan Margaux 2nd Wine 2016",280,4,247,"Château d'IssanBlasond'IssanMargaux2016","https://www.vivino.com/search/wines?q=Blason+d'Issan+Margaux+2nd+Wine+2016"
"/en/wine/clau-de-nell-anjou-cabernet-franc-2016/p/BP_304077","Clau De Nell Anjou Cabernet Franc 2016",285,3.7,46,"ClaudeNellCabernetFranc2016","https://www.vivino.com/search/wines?q=Clau+De+Nell+Anjou+Cabernet+Franc+2016"
"/en/wine/clau-de-nell-anjou-cabernet-franc-2012/p/BP_422776","Clau De Nell Anjou Cabernet Franc 2012",285,3.6,156,"ClaudeNellCabernetFranc2012","https://www.vivino.com/search/wines?q=Clau+De+Nell+Anjou+Cabernet+Franc+2012"
"/en/wine/darenberg-the-laughing-magpie-shiraz-viognier-2010/p/BP_425042","d'Arenberg The Laughing Magpie Shiraz Viognier 2010",288,3.6,815,"d'ArenbergTheLaughingMagpieShiraz - Viognier2010","https://www.vivino.com/search/wines?q=d'Arenberg+The+Laughing+Magpie+Shiraz+Viognier+2010"
"/en/wine/de-bortoli-estate-grown-pinot-noir-2014/p/BP_444518","De Bortoli Estate Grown Pinot Noir 2014",288,3.3,106,"DeBortoliEstateGrownPinotNoir2014","https://www.vivino.com/search/wines?q=De+Bortoli+Estate+Grown+Pinot+Noir+2014"
"/en/wine/darenberg-the-laughing-magpie-shiraz-viognier-2012/p/BP_470861","d'Arenberg The Laughing Magpie Shiraz Viognier 2012",288,3.7,504,"d'ArenbergTheLaughingMagpieShiraz - Viognier2012","https://www.vivino.com/search/wines?q=d'Arenberg+The+Laughing+Magpie+Shiraz+Viognier+2012"
"/en/wine/majella-shiraz-2014/p/BP_482786","Majella Shiraz 2014",288,3.8,72,"MajellaShiraz2014","https://www.vivino.com/search/wines?q=Majella+Shiraz+2014"
"/en/wine/zuccardi-poligonos-tupungato-alto-2015/p/BP_488631","Zuccardi Poligonos Tupungato Alto 2015",288,3.8,244,"ZuccardiPoligonos Malbec TupungatoAlto2015","https://www.vivino.com/search/wines?q=Zuccardi+Poligonos+Tupungato+Alto+2015"
"/en/wine/kir-yianni-ktima-yianakohori-hills-2010/p/BP_480113","Kir Yianni Ktima Yianakohori Hills 2010",288,3.6,126,"KirYianniYianakohoriHills (<U+039A>t<U+03B7>µa <U+039A><U+03C5><U+03C1>-<U+03B3><U+03B9>a<U+03BD><U+03BD><U+03B7>) 2010","https://www.vivino.com/search/wines?q=Kir+Yianni+Ktima+Yianakohori+Hills+2010"
"/en/wine/fromm-la-strada-pinot-noir-2016/p/BP_113037","Fromm La Strada Pinot Noir 2016",288,3.6,99,"Fromm Winery LaStradaPinotNoir2016","https://www.vivino.com/search/wines?q=Fromm+La+Strada+Pinot+Noir+2016"
"/en/wine/de-bortoli-estate-grown-pinot-noir-2017/p/BP_113261","De Bortoli Estate Grown Pinot Noir 2017",288,3.3,14,"DeBortoliEstateGrownPinotNoir2017","https://www.vivino.com/search/wines?q=De+Bortoli+Estate+Grown+Pinot+Noir+2017"
"/en/wine/zuccardi-poligonos-san-pablo-cabernet-franc-2016/p/BP_488632","Zuccardi Poligonos San Pablo Cabernet Franc 2016",288,4,211,"ZuccardiPoligonosSanPabloCabernetFranc2016","https://www.vivino.com/search/wines?q=Zuccardi+Poligonos+San+Pablo+Cabernet+Franc+2016"
"/en/wine/brokenwood-hunter-valley-shiraz-2017/p/BP_307058","Brokenwood Hunter Valley Shiraz 2017",288,4.3,26,"Brokenwood Graveyard Vineyard Shiraz2017","https://www.vivino.com/search/wines?q=Brokenwood+Hunter+Valley+Shiraz+2017"
"/en/wine/william-downie-cathedral-pinot-noir-2018/p/BP_307298","William Downie Cathedral Pinot Noir 2018",288,3.8,44,"WilliamDownieCathedralPinotNoir2018","https://www.vivino.com/search/wines?q=William+Downie+Cathedral+Pinot+Noir+2018"
"/en/wine/zuccardi-poligonos-paraje-altamira-malbec-2017/p/BP_310245","Zuccardi Poligonos Paraje Altamira Malbec 2017",288,3.9,49,"ZuccardiPoligonosMalbec2017","https://www.vivino.com/search/wines?q=Zuccardi+Poligonos+Paraje+Altamira+Malbec+2017"
"/en/wine/palliser-estate-pinot-noir-2018/p/BP_354827","Palliser Estate Pinot Noir 2018",288,4,63,"PalliserEstatePinotNoir2018","https://www.vivino.com/search/wines?q=Palliser+Estate+Pinot+Noir+2018"
"/en/wine/quinta-do-portal-grande-reserva-2016/p/BP_342941","Quinta do Portal Grande Reserva 2016",288,4.3,96,"QuintadoPortalGrandeReserva2016","https://www.vivino.com/search/wines?q=Quinta+do+Portal+Grande+Reserva+2016"
"/en/wine/yangarra-shiraz-2017/p/BP_392318","Yangarra Shiraz 2017",288,3.9,142,"YangarraShiraz2017","https://www.vivino.com/search/wines?q=Yangarra+Shiraz+2017"
"/en/wine/pierre-jean-villa-saint-joseph-preface-2018/p/BP_396046","Pierre Jean Villa Saint Joseph Preface 2018",288,4.2,43,"PierreJeanVillaPréfaceSaint-Joseph2018","https://www.vivino.com/search/wines?q=Pierre+Jean+Villa+Saint+Joseph+Preface+2018"
"/en/wine/bodegas-palacio-reserva-especial-2013/p/BP_107724","Bodegas Palacio Reserva Especial 2013",288,NA,28,"BodegasPalacio Gran ReservaEspecial2013","https://www.vivino.com/search/wines?q=Bodegas+Palacio+Reserva+Especial+2013"
"/en/wine/yarra-yering-pinot-noir-2016-375cl/p/BP_382705","Yarra Yering Pinot Noir 2016 - 37.5CL",288,3.9,1157,"YarraYeringPinotNoir","https://www.vivino.com/search/wines?q=Yarra+Yering+Pinot+Noir+2016+-+37.5CL"
"/en/wine/yarra-yering-underhill-shiraz-2016-375cl/p/BP_382715","Yarra Yering Underhill Shiraz 2016 - 37.5CL",288,4.2,1427,"YarraYeringUnderhillShiraz","https://www.vivino.com/search/wines?q=Yarra+Yering+Underhill+Shiraz+2016+-+37.5CL"
"/en/wine/yarra-yering-dry-red-wine-no-1-2016-375cl/p/BP_399114","Yarra Yering Dry Red Wine No. 1 2016 - 37.5CL",288,4.3,2554,"YarraYeringDryRedNo.1","https://www.vivino.com/search/wines?q=Yarra+Yering+Dry+Red+Wine+No.+1+2016+-+37.5CL"
"/en/wine/yarra-yering-dry-red-wine-no-2-2016-375cl/p/BP_399115","Yarra Yering Dry Red Wine No. 2 2016 - 37.5CL",288,4.2,1201,"YarraYeringDryRedNo.2","https://www.vivino.com/search/wines?q=Yarra+Yering+Dry+Red+Wine+No.+2+2016+-+37.5CL"
"/en/wine/majella-shiraz-2016/p/BP_392193","Majella Shiraz 2016",288,4,68,"MajellaShiraz2016","https://www.vivino.com/search/wines?q=Majella+Shiraz+2016"
"/en/wine/cantemerle-haut-medoc-5eme-cru-2015/p/BP_460247","Cantemerle Haut Medoc 5eme Cru 2015",290,3.9,800,"Château CantemerleHaut-Médoc (Grand Cru Classé) 2015","https://www.vivino.com/search/wines?q=Cantemerle+Haut+Medoc+5eme+Cru+2015"
"/en/wine/relais-de-la-dominique-st-emilion-2nd-wine-2013/p/BP_486357","Relais de la Dominique St Emilion 2nd Wine 2013",290,3.6,273,"Château LaDominiqueRelaisdelaDominique Saint-Emilion Grand Cru 2013","https://www.vivino.com/search/wines?q=Relais+de+la+Dominique+St+Emilion+2nd+Wine+2013"
"/en/wine/pierre-jean-villa-st-joseph-tilde-2016/p/BP_303868","Pierre Jean Villa St Joseph Tilde 2016",290,3.8,25,"PierreJeanVillaTildé Saint-Joseph2016","https://www.vivino.com/search/wines?q=Pierre+Jean+Villa+St+Joseph+Tilde+2016"
"/en/wine/domaine-arlaud-bourgogne-roncervie-2016/p/BP_125535","Domaine Arlaud Bourgogne Roncervie 2016",290,3.9,186,"DomaineArlaudBourgogne Roncevie 2016","https://www.vivino.com/search/wines?q=Domaine+Arlaud+Bourgogne+Roncervie+2016"
"/en/wine/chateau-le-pape-pessac-leognan-2012/p/BP_342755","Chateau Le Pape Pessac Leognan 2012",290,3.7,134,"Château Haut-Bailly Chateau LePapePessac-Léognan2012","https://www.vivino.com/search/wines?q=Chateau+Le+Pape+Pessac+Leognan+2012"
"/en/wine/le-dragon-de-quintus-st-emilion-2015/p/BP_460267","Le Dragon de Quintus St Emilion 2015",290,4.1,171,"Château QuintusLeDragondeQuintus (Qvintvs) Saint-Émilion Grand Cru 2015","https://www.vivino.com/search/wines?q=Le+Dragon+de+Quintus+St+Emilion+2015"
"/en/wine/cote-de-baleau-st-emilion-grand-cru-2015/p/BP_427226","Cote de Baleau St Emilion Grand Cru 2015",295,4,485,"Château CotedeBaleau Saint-ÉmilionGrandCru (GrandCru Classé) 2015","https://www.vivino.com/search/wines?q=Cote+de+Baleau+St+Emilion+Grand+Cru+2015"
"/en/wine/clauzet-saint-estephe-2016/p/BP_305655","Clauzet Saint Estephe 2016",295,3.8,104,"Château ClauzetSaint-Estèphe2016","https://www.vivino.com/search/wines?q=Clauzet+Saint+Estephe+2016"
"/en/wine/katnook-estate-cabernet-sauvignon-2009/p/BP_360183","Katnook Estate Cabernet Sauvignon 2009",298,3.4,834,"Beringer Founders' EstateCabernetSauvignon2009","https://www.vivino.com/search/wines?q=Katnook+Estate+Cabernet+Sauvignon+2009"
"/en/wine/greenhough-hope-vineyard-pinot-noir-2009/p/BP_363466","Greenhough Hope Vineyard Pinot Noir 2009",298,3.7,13,"GreenhoughHopeVineyardPinotNoir2009","https://www.vivino.com/search/wines?q=Greenhough+Hope+Vineyard+Pinot+Noir+2009"
"/en/wine/islander-estate-bark-hut-road-cabernet-franc-shiraz-2014/p/BP_483691","Islander Estate Bark Hut Road Cabernet Franc Shiraz 2014",298,4,10,"The Islander Reserve BarkHutRoad2014","https://www.vivino.com/search/wines?q=Islander+Estate+Bark+Hut+Road+Cabernet+Franc+Shiraz+2014"
"/en/wine/pegasus-bay-merlot-cabernet-2016-twin-pack/p/BP_480453","Pegasus Bay Merlot Cabernet 2016 - Twin Pack",298,3.9,633,"PegasusBayMerlot-Cabernet","https://www.vivino.com/search/wines?q=Pegasus+Bay+Merlot+Cabernet+2016+-+Twin+Pack"
"/en/wine/stoney-vineyard-cabernet-sauvignon-2014/p/BP_491073","Stoney Vineyard Cabernet Sauvignon 2014",298,3.7,35,"Domaine A StoneyVineyardCabernetSauvignon2014","https://www.vivino.com/search/wines?q=Stoney+Vineyard+Cabernet+Sauvignon+2014"
"/en/wine/shaw-smith-pinot-noir-2017/p/BP_182554","Shaw & Smith Pinot Noir 2017",298,3,4786,"Charles Shaw Cabernet Sauvignon","https://www.vivino.com/search/wines?q=Shaw+&+Smith+Pinot+Noir+2017"
"/en/wine/zuccardi-concreto-malbec-2017/p/BP_495136","Zuccardi Concreto Malbec 2017",298,3.9,2095,"ZuccardiMalbecConcreto2017","https://www.vivino.com/search/wines?q=Zuccardi+Concreto+Malbec+2017"
"/en/wine/islander-estate-bark-hut-road-cabernet-franc-shiraz-2018/p/BP_176321","Islander Estate Bark Hut Road Cabernet Franc Shiraz 2018",298,NA,18,"The Islander Reserve BarkHutRoad2018","https://www.vivino.com/search/wines?q=Islander+Estate+Bark+Hut+Road+Cabernet+Franc+Shiraz+2018"
"/en/wine/fromm-syrah-2017/p/BP_328633","Fromm Syrah 2017",298,3.8,59,"Fromm Winery Syrah2017","https://www.vivino.com/search/wines?q=Fromm+Syrah+2017"
"/en/wine/trefethen-estate-merlot-2016/p/BP_342781","Trefethen Estate Merlot 2016",298,3.7,1259,"Beringer Founders' EstateMerlot2016","https://www.vivino.com/search/wines?q=Trefethen+Estate+Merlot+2016"
"/en/wine/escarpment-pinot-noir-2016/p/BP_355763","Escarpment Pinot Noir 2016",298,4,162,"Escarpment Vineyard PinotNoir2016","https://www.vivino.com/search/wines?q=Escarpment+Pinot+Noir+2016"
"/en/wine/pegasus-bay-pinot-noir-2016/p/BP_344463","Pegasus Bay Pinot Noir 2016",298,4,143,"PegasusBayPinotNoir2016","https://www.vivino.com/search/wines?q=Pegasus+Bay+Pinot+Noir+2016"
"/en/wine/bay-of-fires-pinot-noir-2018/p/BP_392225","Bay Of Fires Pinot Noir 2018",298,4.1,44,"BayofFiresPinotNoir2018","https://www.vivino.com/search/wines?q=Bay+Of+Fires+Pinot+Noir+2018"
"/en/wine/stoney-vineyard-cabernet-sauvignon-2016/p/BP_392666","Stoney Vineyard Cabernet Sauvignon 2016",298,4.3,14,"Domaine A StoneyVineyardCabernetSauvignon2016","https://www.vivino.com/search/wines?q=Stoney+Vineyard+Cabernet+Sauvignon+2016"
"/en/wine/trefethen-estate-merlot-2015/p/BP_135382","Trefethen Estate Merlot 2015",298,3.7,916,"Beringer Founders' EstateMerlot2015","https://www.vivino.com/search/wines?q=Trefethen+Estate+Merlot+2015"
"/en/wine/fromm-naturel-pinot-2018/p/BP_328839","Fromm Naturel Pinot 2018",298,3.5,47,"Fromm Winery PinotNaturel2018","https://www.vivino.com/search/wines?q=Fromm+Naturel+Pinot+2018"
"/en/wine/remelluri-remelluri-reserva-2012/p/BP_333747","Remelluri Remelluri Reserva 2012",298,4.1,867,"Remelluri Rioja Reserva2012","https://www.vivino.com/search/wines?q=Remelluri+Remelluri+Reserva+2012"
"/en/wine/denton-yarra-valley-pinot-noir-2017/p/BP_355980","Denton Yarra Valley Pinot Noir 2017",298,3.5,22,"Denton View Hill PinotNoir2017","https://www.vivino.com/search/wines?q=Denton+Yarra+Valley+Pinot+Noir+2017"
"/en/wine/denton-yarra-valley-nebbiolo-2016/p/BP_356008","Denton Yarra Valley Nebbiolo 2016",298,3.8,29,"Denton View Hill Nebbiolo2016","https://www.vivino.com/search/wines?q=Denton+Yarra+Valley+Nebbiolo+2016"
"/en/wine/brancaia-chianti-classico-riserva-2013/p/BP_341527","Brancaia Chianti Classico Riserva 2013",298,3.9,1164,"BrancaiaChiantiClassicoRiserva2013","https://www.vivino.com/search/wines?q=Brancaia+Chianti+Classico+Riserva+2013"
"/en/wine/grant-burge-the-holy-trinity-gsm-2015/p/BP_381791","Grant Burge The Holy Trinity GSM 2015",298,3.8,31,"GrantBurgeTheHolyTrinity Red Blend 2015","https://www.vivino.com/search/wines?q=Grant+Burge+The+Holy+Trinity+GSM+2015"
"/en/wine/enrique-mendoza-las-quebradas-2016/p/BP_373494","Enrique Mendoza Las Quebradas 2016",298,4,211,"EnriqueMendozaLasQuebradas Monastrell 2016","https://www.vivino.com/search/wines?q=Enrique+Mendoza+Las+Quebradas+2016"
"/en/wine/zuccardi-jose-zuccardi-malbec-2015/p/BP_392243","Zuccardi Jose Zuccardi Malbec 2015",298,4.1,618,"ZuccardiJoséMalbec2015","https://www.vivino.com/search/wines?q=Zuccardi+Jose+Zuccardi+Malbec+2015"
"/en/wine/grant-burge-filsell-old-vine-shiraz-2016/p/BP_381778","Grant Burge Filsell Old Vine Shiraz 2016",298,4,628,"GrantBurgeFilsellShiraz2016","https://www.vivino.com/search/wines?q=Grant+Burge+Filsell+Old+Vine+Shiraz+2016"
"/en/wine/talley-estate-arroyo-grande-valley-pinot-noir-2016/p/BP_182064","Talley Estate Arroyo Grande Valley Pinot Noir 2016",298,4.1,146,"Talley Vineyards EstatePinotNoir2016","https://www.vivino.com/search/wines?q=Talley+Estate+Arroyo+Grande+Valley+Pinot+Noir+2016"
"/en/wine/trefethen-estate-merlot-2017/p/BP_392729","Trefethen Estate Merlot 2017",298,3.6,673,"Beringer Founders' EstateMerlot2017","https://www.vivino.com/search/wines?q=Trefethen+Estate+Merlot+2017"
"/en/wine/beringer-napa-valley-merlot-2017/p/BP_342815","Beringer Napa Valley Merlot 2017",298,4,17,"BeringerNapaValleyMerlot2017","https://www.vivino.com/search/wines?q=Beringer+Napa+Valley+Merlot+2017"
"/en/wine/kaiken-obertura-cabernet-franc-2016/p/BP_373588","KAIKEN OBERTURA CABERNET FRANC 2016",298,4.2,165,"KaikenOberturaCabernetFranc2016","https://www.vivino.com/search/wines?q=KAIKEN+OBERTURA+CABERNET+FRANC+2016"
"/en/wine/clos-du-mont-olivet-chateauneuf-du-pape-2014/p/BP_487442","Clos du Mont-Olivet Chateauneuf du Pape 2014",305,4,433,"ClosduMont-OlivetChâteauneuf-du-Pape2014","https://www.vivino.com/search/wines?q=Clos+du+Mont-Olivet+Chateauneuf+du+Pape+2014"
"/en/wine/vina-tondonia-reserva-2007/p/BP_378979","Vina Tondonia Reserva 2007",308,4.1,2129,"R. López de Heredia ViñaTondoniaViñaTondoniaReserva2007","https://www.vivino.com/search/wines?q=Vina+Tondonia+Reserva+2007"
"/en/wine/vincent-sophie-morey-santenay-1er-cru-les-hates-2007/p/BP_306795","Vincent & Sophie Morey Santenay Les Hates 2007",310,3.3,2153,"Union Saint Vincent Bordeaux Rouge","https://www.vivino.com/search/wines?q=Vincent+&+Sophie+Morey+Santenay+Les+Hates+2007"
"/en/wine/denis-marchand-marsannay-vieilles-vignes-red-2017/p/BP_343725","Denis Marchand Marsannay Vieilles Vignes Red 2017",310,NA,21,"Domaine Marchand Freres VieillesVignesMarsannay2017","https://www.vivino.com/search/wines?q=Denis+Marchand+Marsannay+Vieilles+Vignes+Red+2017"
"/en/wine/livon-friuli-igt-tiareblu-2014/p/BP_484953","Livon Friuli IGT Tiareblu 2014",310,3.7,10,"LivonTiareblù2014","https://www.vivino.com/search/wines?q=Livon+Friuli+IGT+Tiareblu+2014"
"/en/wine/livon-friuli-igt-tiareblu-2016/p/BP_347619","Livon Friuli IGT Tiareblu 2016",310,NA,14,"LivonTiareblù2016","https://www.vivino.com/search/wines?q=Livon+Friuli+IGT+Tiareblu+2016"
"/en/wine/livon-friuli-igt-tiareblu-2015/p/BP_480182","Livon Friuli IGT Tiareblu 2015",310,3.8,45,"LivonTiareblù2015","https://www.vivino.com/search/wines?q=Livon+Friuli+IGT+Tiareblu+2015"
"/en/wine/clau-de-nell-grolleau-2011/p/BP_384196","Clau De Nell Grolleau 2011",315,3.6,134,"ClaudeNellGrolleau2011","https://www.vivino.com/search/wines?q=Clau+De+Nell+Grolleau+2011"
"/en/wine/potensac-medoc-2011/p/BP_452313","Potensac Medoc 2011",315,3.8,1027,"Château PotensacMédoc2011","https://www.vivino.com/search/wines?q=Potensac+Medoc+2011"
"/en/wine/poujeaux-moulis-en-medoc-2016/p/BP_493436","Poujeaux Moulis en Medoc 2016",315,3.9,43,"Château Branas Grand PoujeauxMoulis2016","https://www.vivino.com/search/wines?q=Poujeaux+Moulis+en+Medoc+2016"
"/en/wine/guigal-chateauneuf-du-pape-2015/p/BP_363940","Guigal Chateauneuf du Pape 2015",318,4.1,1063,"E. GuigalChâteauneuf-du-Pape2015","https://www.vivino.com/search/wines?q=Guigal+Chateauneuf+du+Pape+2015"
"/en/wine/alto-moncayo-veraton-2016/p/BP_196493","Alto Moncayo Veraton 2016",318,4.3,1812,"AltoMoncayoVeraton Garnacha 2016","https://www.vivino.com/search/wines?q=Alto+Moncayo+Veraton+2016"
"/en/wine/masciarelli-marina-cvetic-s-martino-rosso-riserva-montepulciano-dabruzzo-2016/p/BP_344447","Masciarelli Marina Cvetic S. Martino Rosso Riserva Montepulciano d'Abruzzo 2016",318,NA,1325,"Masciarelli Iskra MarinaCveticMontepulcianod'AbruzzoRiserva2016","https://www.vivino.com/search/wines?q=Masciarelli+Marina+Cvetic+S.+Martino+Rosso+Riserva+Montepulciano+d'Abruzzo+2016"
"/en/wine/alto-moncayo-veraton-2017/p/BP_390467","Alto Moncayo Veraton 2017",318,4.2,134,"AltoMoncayoVeraton Garnacha 2017","https://www.vivino.com/search/wines?q=Alto+Moncayo+Veraton+2017"
"/en/wine/clau-de-nell-grolleau-2012/p/BP_422478","Clau De Nell Grolleau 2012",320,3.6,66,"ClaudeNellGrolleau2012","https://www.vivino.com/search/wines?q=Clau+De+Nell+Grolleau+2012"
"/en/wine/clau-de-nell-grolleau-2014/p/BP_460569","Clau De Nell Grolleau 2014",320,3.5,108,"ClaudeNellGrolleau2014","https://www.vivino.com/search/wines?q=Clau+De+Nell+Grolleau+2014"
"/en/wine/clau-de-nell-grolleau-2013/p/BP_444391","Clau De Nell Grolleau 2013",320,3.7,62,"ClaudeNellGrolleau2013","https://www.vivino.com/search/wines?q=Clau+De+Nell+Grolleau+2013"
"/en/wine/murmure-de-larcis-ducasse-2014/p/BP_486353","Murmure de Larcis Ducasse 2014",320,3.9,65,"Château LarcisDucasseMurmuredeLarcisDucasse Saint-Émilion Grand Cru 2014","https://www.vivino.com/search/wines?q=Murmure+de+Larcis+Ducasse+2014"
"/en/wine/chateau-grand-corbin-manuel-st-emilion-2015/p/BP_480342","Chateau Grand Corbin Manuel St Emilion 2015",320,3.9,400,"ChâteauGrandCorbinManuel Saint-ÉmilionGrand Cru 2015","https://www.vivino.com/search/wines?q=Chateau+Grand+Corbin+Manuel+St+Emilion+2015"
"/en/wine/vincent-sophie-morey-santenay-les-hates-2016-375cl/p/BP_188389","Vincent & Sophie Morey Santenay Les Hates 2016 - 37.5cl",320,3.3,2153,"Union Saint Vincent Bordeaux Rouge","https://www.vivino.com/search/wines?q=Vincent+&+Sophie+Morey+Santenay+Les+Hates+2016+-+37.5cl"
"/en/wine/clau-de-nell-grolleau-2015/p/BP_486370","Clau De Nell Grolleau 2015",320,3.8,76,"ClaudeNellGrolleau2015","https://www.vivino.com/search/wines?q=Clau+De+Nell+Grolleau+2015"
"/en/wine/clos-du-mont-olivet-chateauneuf-du-pape-2015/p/BP_332430","Clos du Mont-Olivet Chateauneuf du Pape 2015",320,3.9,375,"ClosduMont-OlivetChâteauneuf-du-Pape2015","https://www.vivino.com/search/wines?q=Clos+du+Mont-Olivet+Chateauneuf+du+Pape+2015"
"/en/wine/clau-de-nell-grolleau-2016/p/BP_304083","Clau De Nell Grolleau 2016",320,3.7,24,"ClaudeNellGrolleau2016","https://www.vivino.com/search/wines?q=Clau+De+Nell+Grolleau+2016"
"/en/wine/geantet-pansiot-bourgogne-pinot-fin-2015/p/BP_390695","Geantet Pansiot Bourgogne Pinot Fin 2015",325,3.8,162,"Geantet-PansiotPinotFinBourgogne2015","https://www.vivino.com/search/wines?q=Geantet+Pansiot+Bourgogne+Pinot+Fin+2015"
"/en/wine/chivite-coleccion-125-reserva-2012/p/BP_488478","Chivite Coleccion 125 Reserva 2012",328,NA,705,"ChiviteColección125 Navarra  Gran Reserva2012","https://www.vivino.com/search/wines?q=Chivite+Coleccion+125+Reserva+2012"
"/en/wine/st-huberts-cabernet-merlot-2014/p/BP_469713","St Huberts Cabernet Merlot 2014",328,3.8,53,"St. HubertsCabernet - Merlot2014","https://www.vivino.com/search/wines?q=St+Huberts+Cabernet+Merlot+2014"
"/en/wine/caiarossa-aria-di-caiarossa-2014/p/BP_332186","Caiarossa Aria di Caiarossa 2014",328,4,55,"CaiarossaAriadiCaiarossa2014","https://www.vivino.com/search/wines?q=Caiarossa+Aria+di+Caiarossa+2014"
"/en/wine/hirsch-vineyards-san-andreas-fault-pinot-noir-2017-375cl/p/BP_373112","Hirsch Vineyards San Andreas Fault Pinot Noir 2017 - 37.5cl",328,4.2,3561,"HirschVineyardsSanAndreasFaultPinotNoir","https://www.vivino.com/search/wines?q=Hirsch+Vineyards+San+Andreas+Fault+Pinot+Noir+2017+-+37.5cl"
"/en/wine/caiarossa-aria-di-caiarossa-2015/p/BP_390584","Caiarossa Aria di Caiarossa 2015",328,4,43,"CaiarossaAriadiCaiarossa2015","https://www.vivino.com/search/wines?q=Caiarossa+Aria+di+Caiarossa+2015"
"/en/wine/quinta-do-vallado-douro-field-blend-red-reserva-2017/p/BP_342972","Quinta do Vallado Douro Field Blend Red Reserva 2017",328,4.2,314,"QuintadoValladoReserva (FieldBlend) 2017","https://www.vivino.com/search/wines?q=Quinta+do+Vallado+Douro+Field+Blend+Red+Reserva+2017"
"/en/wine/la-tour-carnet-haut-medoc-4eme-cru-2015/p/BP_460248","La Tour Carnet Haut Medoc 4eme Cru 2015 ",335,4,12615,"Château LaTourCarnetHaut-Médoc (Grand Cru Classé)","https://www.vivino.com/search/wines?q=La+Tour+Carnet+Haut+Medoc+4eme+Cru+2015+"
"/en/wine/vincent-sophie-morey-santenay-1er-cru-beaurepaire-2016/p/BP_188159","Vincent & Sophie Morey Santenay 1er Cru Beaurepaire 2016",335,3.3,2153,"Union Saint Vincent Bordeaux Rouge","https://www.vivino.com/search/wines?q=Vincent+&+Sophie+Morey+Santenay+1er+Cru+Beaurepaire+2016"
"/en/wine/le-boscq-st-estephe-2016/p/BP_481795","Le Boscq St Estephe 2016",335,3.8,111,"Château LeBoscq Saint-Estèphe2016","https://www.vivino.com/search/wines?q=Le+Boscq+St+Estephe+2016"
"/en/wine/craggy-range-te-kahu-2013/p/BP_452457","Craggy Range Te Kahu 2013",338,3.8,736,"CraggyRange Gimblett Gravels Vineyard TeKahu2013","https://www.vivino.com/search/wines?q=Craggy+Range+Te+Kahu+2013"
"/en/wine/kalleske-moppa-shiraz-2015/p/BP_476714","Kalleske Moppa Shiraz 2015",338,3.9,141,"KalleskeMoppaShiraz2015","https://www.vivino.com/search/wines?q=Kalleske+Moppa+Shiraz+2015"
"/en/wine/zuccardi-tito-2014/p/BP_478416","Zuccardi Tito 2014",338,3.9,583,"ZuccardiTito2014","https://www.vivino.com/search/wines?q=Zuccardi+Tito+2014"
"/en/wine/bindi-pyrette-heathcote-shiraz-2013/p/BP_462614","Bindi Pyrette Heathcote Shiraz 2013",338,3.8,35,"BindiPyretteShiraz2013","https://www.vivino.com/search/wines?q=Bindi+Pyrette+Heathcote+Shiraz+2013"
"/en/wine/wynns-black-label-cabernet-sauvignon-2015/p/BP_442334","Wynns Black Label Cabernet Sauvignon 2015",338,3.9,482,"WynnsBlackLabelCabernetSauvignon2015","https://www.vivino.com/search/wines?q=Wynns+Black+Label+Cabernet+Sauvignon+2015"
"/en/wine/quartz-reef-pinot-noir-2016/p/BP_491167","Quartz Reef Pinot Noir 2016",338,3.9,25,"QuartzReefPinotNoir2016","https://www.vivino.com/search/wines?q=Quartz+Reef+Pinot+Noir+2016"
"/en/wine/orma-passi-di-orma-2015/p/BP_486479","Orma Passi Di Orma 2015",338,4.1,213,"OrmaPassidiOrma Bolgheri 2015","https://www.vivino.com/search/wines?q=Orma+Passi+Di+Orma+2015"
"/en/wine/evans-tate-redbrook-reserve-shiraz-2013/p/BP_134202","Evans & Tate Redbrook Reserve Shiraz 2013",338,4.2,1354,"Petaluma Yellow Label Evans Vineyard","https://www.vivino.com/search/wines?q=Evans+&+Tate+Redbrook+Reserve+Shiraz+2013"
"/en/wine/zuccardi-tito-2015/p/BP_492737","Zuccardi Tito 2015",338,3.9,839,"ZuccardiTito2015","https://www.vivino.com/search/wines?q=Zuccardi+Tito+2015"
"/en/wine/zuccardi-emma-2016/p/BP_138596","Zuccardi Emma 2016",338,4,399,"ZuccardiEmma Bonarda 2016","https://www.vivino.com/search/wines?q=Zuccardi+Emma+2016"
"/en/wine/craggy-range-gimblett-gravels-syrah-2016/p/BP_329291","Craggy Range Gimblett Gravels Syrah 2016",338,3.7,18,"CraggyRangeGimblettGravelsSyrah2016","https://www.vivino.com/search/wines?q=Craggy+Range+Gimblett+Gravels+Syrah+2016"
"/en/wine/craggy-range-te-kahu-2016/p/BP_328989","Craggy Range Te Kahu 2016",338,3.9,324,"CraggyRange Gimblett Gravels Vineyard TeKahu2016","https://www.vivino.com/search/wines?q=Craggy+Range+Te+Kahu+2016"
"/en/wine/etude-carneros-pinot-noir-2016-375cl/p/BP_364508","Etude Carneros Pinot Noir 2016 - 37.5cl",338,4.1,13,"Castello EtudePinotNoir Heirloom Carneros","https://www.vivino.com/search/wines?q=Etude+Carneros+Pinot+Noir+2016+-+37.5cl"
"/en/wine/mac-forbes-yarra-junction-pinot-noir-2017/p/BP_383227","Mac Forbes Yarra Junction Pinot Noir 2017",338,3.9,196,"MacForbesPinotNoir2017","https://www.vivino.com/search/wines?q=Mac+Forbes+Yarra+Junction+Pinot+Noir+2017"
"/en/wine/schug-carneros-sonoma-valley-cabernet-sauvignon-2016/p/BP_356818","Schug Carneros Sonoma Valley Cabernet Sauvignon 2016",338,3.9,145,"SchugCabernetSauvignon2016","https://www.vivino.com/search/wines?q=Schug+Carneros+Sonoma+Valley+Cabernet+Sauvignon+2016"
"/en/wine/mac-forbes-yarra-junction-pinot-noir-2018/p/BP_383002","Mac Forbes Yarra Junction Pinot Noir 2018",338,3.7,167,"MacForbesPinotNoir2018","https://www.vivino.com/search/wines?q=Mac+Forbes+Yarra+Junction+Pinot+Noir+2018"
"/en/wine/vasse-felix-cabernet-sauvignon-2017/p/BP_392203","Vasse Felix Cabernet Sauvignon 2017",338,4,96,"VasseFelixCabernetSauvignon2017","https://www.vivino.com/search/wines?q=Vasse+Felix+Cabernet+Sauvignon+2017"
"/en/wine/stargazer-rada-pinot-meunier-pinot-noir-2018/p/BP_328431","Stargazer Rada Pinot Meunier Pinot Noir 2018",338,NA,14,"Best's Concongella Vineyards PinotMeunier - PinotNoir2018","https://www.vivino.com/search/wines?q=Stargazer+Rada+Pinot+Meunier+Pinot+Noir+2018"
"/en/wine/mac-forbes-eb42-pinot-meunier-2018/p/BP_328484","Mac Forbes EB42 Pinot Meunier 2018",338,3.6,10,"MacForbes EB 42 Summer Lovin PinotMeunier2018","https://www.vivino.com/search/wines?q=Mac+Forbes+EB42+Pinot+Meunier+2018"
"/en/wine/clairault-estate-cabernet-sauvignon-2014/p/BP_355290","Clairault Estate Cabernet Sauvignon 2014",338,4.1,29,"ClairaultEstateCabernetSauvignon2014","https://www.vivino.com/search/wines?q=Clairault+Estate+Cabernet+Sauvignon+2014"
"/en/wine/quartz-reef-pinot-noir-2017/p/BP_376519","Quartz Reef Pinot Noir 2017",338,3.9,14,"QuartzReefPinotNoir2017","https://www.vivino.com/search/wines?q=Quartz+Reef+Pinot+Noir+2017"
"/en/wine/zuccardi-tito-2016/p/BP_159913","Zuccardi Tito 2016",338,3.9,400,"ZuccardiTito2016","https://www.vivino.com/search/wines?q=Zuccardi+Tito+2016"
"/en/wine/felton-road-bannockburn-pinot-noir-2018/p/BP_356222","Felton Road Bannockburn Pinot Noir 2018",338,4.2,403,"FeltonRoadBannockburnPinotNoir2018","https://www.vivino.com/search/wines?q=Felton+Road+Bannockburn+Pinot+Noir+2018"
"/en/wine/schug-carneros-pinot-noir-2017/p/BP_356816","Schug Carneros Pinot Noir 2017",338,3.9,296,"SchugPinotNoirCarneros2017","https://www.vivino.com/search/wines?q=Schug+Carneros+Pinot+Noir+2017"
"/en/wine/orma-passi-di-orma-2017/p/BP_333309","Orma Passi Di Orma 2017",338,4.1,184,"OrmaPassidiOrma Bolgheri 2017","https://www.vivino.com/search/wines?q=Orma+Passi+Di+Orma+2017"
"/en/wine/crossbarn-by-paul-hobbs-napa-valley-cabernet-sauvignon-2016/p/BP_398996","Crossbarn by Paul Hobbs Napa Valley Cabernet Sauvignon 2016",338,4.2,561,"PaulHobbsCrossBarnCabernetSauvignon2016","https://www.vivino.com/search/wines?q=Crossbarn+by+Paul+Hobbs+Napa+Valley+Cabernet+Sauvignon+2016"
"/en/wine/mac-forbes-eb42-pinot-meunier-2019/p/BP_382898","Mac Forbes EB42 Pinot Meunier 2019",338,NA,10,"MacForbesEB42 Summer Lovin' Meunier2019","https://www.vivino.com/search/wines?q=Mac+Forbes+EB42+Pinot+Meunier+2019"
"/en/wine/mount-pleasant-old-paddock-old-hill-shiraz-2014/p/BP_392296","Mount Pleasant Old Paddock & Old Hill Shiraz 2014",338,4,318,"MountPleasantOldPaddock & Old Hill Shiraz","https://www.vivino.com/search/wines?q=Mount+Pleasant+Old+Paddock+&+Old+Hill+Shiraz+2014"
"/en/wine/tommasi-amarone-della-valpolicella-classico-2015/p/BP_328507","Tommasi Amarone della Valpolicella Classico 2015",338,4.3,4942,"TommasiAmaronedellaValpolicellaClassico2015","https://www.vivino.com/search/wines?q=Tommasi+Amarone+della+Valpolicella+Classico+2015"
"/en/wine/langmeil-the-blacksmith-cabernet-sauvignon-2016/p/BP_176808","Langmeil The Blacksmith Cabernet Sauvignon 2016",340,4.1,206,"LangmeilBlacksmithCabernetSauvignon2016","https://www.vivino.com/search/wines?q=Langmeil+The+Blacksmith+Cabernet+Sauvignon+2016"
"/en/wine/chateau-la-garde-pessac-leognan-2016/p/BP_481793","Chateau la Garde Pessac Leognan 2016",340,3.8,220,"ChâteauLaGardePessac-Léognan2016","https://www.vivino.com/search/wines?q=Chateau+la+Garde+Pessac+Leognan+2016"
"/en/wine/robert-biale-founding-farmers-zinfandel-2014/p/BP_465956","Robert Biale Founding Farmers Zinfandel 2014",348,4.3,42,"RobertBiale Vineyards FoundingFarmersZinfandel2014","https://www.vivino.com/search/wines?q=Robert+Biale+Founding+Farmers+Zinfandel+2014"
"/en/wine/chapel-hill-gorge-block-cabernet-sauvignon-2016/p/BP_495194","Chapel Hill Gorge Block Cabernet Sauvignon 2016",348,3.8,39,"ChapelHillGorgeBlockCabernetSauvignon2016","https://www.vivino.com/search/wines?q=Chapel+Hill+Gorge+Block+Cabernet+Sauvignon+2016"
"/en/wine/thistledown-the-vagabond-old-vine-blewitt-springs-mclaren-vale-grenache-2016/p/BP_162691","Thistledown The Vagabond Old Vine Blewitt Springs McLaren Vale Grenache 2016",348,4,29,"ThistledownTheVagabondBlewittSpringsGrenache2016","https://www.vivino.com/search/wines?q=Thistledown+The+Vagabond+Old+Vine+Blewitt+Springs+McLaren+Vale+Grenache+2016"
"/en/wine/vina-bosconia-red-reserva-2007/p/BP_342830","Vina Bosconia Red Reserva 2007",348,4.1,1546,"R. López de Heredia Viña Tondonia ViñaBosconiaReserva2007","https://www.vivino.com/search/wines?q=Vina+Bosconia+Red+Reserva+2007"
"/en/wine/chapel-hill-road-block-shiraz-2015/p/BP_485603","CHAPEL HILL ROAD BLOCK SHIRAZ 2015",348,4.2,24,"ChapelHillRoadBlockShiraz2015","https://www.vivino.com/search/wines?q=CHAPEL+HILL+ROAD+BLOCK+SHIRAZ+2015"
"/en/wine/thistledown-the-vagabond-grenache-2017/p/BP_383478","Thistledown The Vagabond Grenache 2017",348,NA,12,"ThistledownTheVagabondGrenache2017","https://www.vivino.com/search/wines?q=Thistledown+The+Vagabond+Grenache+2017"
"/en/wine/bindi-pyrette-heathcote-shiraz-2016/p/BP_330770","Bindi Pyrette Heathcote Shiraz 2016",348,4,24,"BindiPyretteShiraz2016","https://www.vivino.com/search/wines?q=Bindi+Pyrette+Heathcote+Shiraz+2016"
"/en/wine/bindi-pyrette-heathcote-shiraz-2015/p/BP_116177","BINDI PYRETTE HEATHCOTE SHIRAZ 2015",348,4,30,"BindiPyretteShiraz2015","https://www.vivino.com/search/wines?q=BINDI+PYRETTE+HEATHCOTE+SHIRAZ+2015"
"/en/wine/lalande-borie-st-julien-2014/p/BP_473646","Lalande Borie St Julien 2014",350,3.9,441,"Château Lalande-Borie Saint-Julien2014","https://www.vivino.com/search/wines?q=Lalande+Borie+St+Julien+2014"
"/en/wine/les-tourelles-de-longueville-pauillac-2nd-wine-2014/p/BP_485493","Les Tourelles de Longueville Pauillac 2nd Wine 2014",350,3.9,561,"Château Pichon Baron LesTourellesdeLonguevillePauillac2014","https://www.vivino.com/search/wines?q=Les+Tourelles+de+Longueville+Pauillac+2nd+Wine+2014"
"/en/wine/catena-alta-cabernet-sauvignon-2016/p/BP_344791","Catena Alta Cabernet Sauvignon 2016",350,4.2,116,"CatenaAltaCabernetSauvignon2016","https://www.vivino.com/search/wines?q=Catena+Alta+Cabernet+Sauvignon+2016"
"/en/wine/murmure-de-larcis-ducasse-2015/p/BP_305113","Murmure de Larcis Ducasse 2015",350,3.9,21,"Château LarcisDucasseMurmuredeLarcisDucasse Saint-Émilion Grand Cru 2015","https://www.vivino.com/search/wines?q=Murmure+de+Larcis+Ducasse+2015"
"/en/wine/duluc-de-branaire-ducru-st-julien-2nd-wine-2015/p/BP_333379","Duluc de Branaire Ducru St Julien 2nd Wine 2015",350,3.9,283,"Château Branaire-DucruDulucdeBranaire-Ducru Saint-Julien (Chateau Duluc) 2015","https://www.vivino.com/search/wines?q=Duluc+de+Branaire+Ducru+St+Julien+2nd+Wine+2015"
"/en/wine/sarget-de-gruaud-larose-st-julien-2nd-wine-2016/p/BP_493215","Sarget de Gruaud Larose St Julien 2nd Wine 2016",350,3.8,351,"Château GruaudLaroseSargetdeGruaud-Larose Saint-Julien2016","https://www.vivino.com/search/wines?q=Sarget+de+Gruaud+Larose+St+Julien+2nd+Wine+2016"
"/en/wine/de-villaine-bourgogne-cote-chalonnaise-la-digoine-2016/p/BP_304055","De Villaine Bourgogne Cote Chalonnaise La Digoine 2016",350,4,94,"Domaine A. et P. deVillaineLaDigoineBourgogneCôteChalonnaise2016","https://www.vivino.com/search/wines?q=De+Villaine+Bourgogne+Cote+Chalonnaise+La+Digoine+2016"
"/en/wine/abadia-retuerta-seleccion-especial-tinto-2015/p/BP_364152","Abadia Retuerta Seleccion Especial Tinto 2015",350,4.2,3791,"AbadiaRetuertaSelecciónEspecial Sardon de Duero 2015","https://www.vivino.com/search/wines?q=Abadia+Retuerta+Seleccion+Especial+Tinto+2015"
"/en/wine/capbern-saint-estephe-cru-2016/p/BP_494373","CAPBERN SAINT ESTEPHE CRU 2016",350,3.9,186,"Château CapbernSaint-Estèphe2016","https://www.vivino.com/search/wines?q=CAPBERN+SAINT+ESTEPHE+CRU+2016"
"/en/wine/kaesler-stonehorse-shiraz-2013/p/BP_452384","Kaesler Stonehorse Shiraz 2013",158,3.5,87,"KaeslerStonehorseShiraz2013","https://www.vivino.com/search/wines?q=Kaesler+Stonehorse+Shiraz+2013"
"/en/wine/zuccardi-q-malbec-2014/p/BP_462557","Zuccardi Q Malbec 2014",168,3.8,2549,"ZuccardiQMalbec2014","https://www.vivino.com/search/wines?q=Zuccardi+Q+Malbec+2014"
"/en/wine/zuccardi-q-cabernet-sauvignon-2014/p/BP_476723","Zuccardi Q Cabernet Sauvignon 2014",168,3.8,1159,"ZuccardiQCabernetSauvignon2014","https://www.vivino.com/search/wines?q=Zuccardi+Q+Cabernet+Sauvignon+2014"
"/en/wine/maycas-del-limari-reserva-especial-syrah-2012/p/BP_474969","Maycas del Limari Reserva Especial Syrah 2012",168,3.8,751,"MaycasdelLimariReservaEspecialSyrah2012","https://www.vivino.com/search/wines?q=Maycas+del+Limari+Reserva+Especial+Syrah+2012"
"/en/wine/catena-mendoza-malbec-2016/p/BP_133578","Catena Mendoza Malbec 2016",168,NA,15133,"CatenaMalbecMendoza2016","https://www.vivino.com/search/wines?q=Catena+Mendoza+Malbec+2016"
"/en/wine/kaesler-stonehorse-shiraz-2017/p/BP_328500","Kaesler Stonehorse Shiraz 2017",168,3.9,133,"KaeslerStonehorseShiraz2017","https://www.vivino.com/search/wines?q=Kaesler+Stonehorse+Shiraz+2017"
"/en/wine/le-macchiole-bolgheri-rosso-2017/p/BP_301524","Le Macchiole Bolgheri Rosso 2017",178,4,1437,"LeMacchioleBolgheriRosso2017","https://www.vivino.com/search/wines?q=Le+Macchiole+Bolgheri+Rosso+2017"
"/en/wine/luca-pinot-noir-2014/p/BP_464463","Luca Pinot Noir 2014",188,4,715,"LucaPinotNoir (G Lot) 2014","https://www.vivino.com/search/wines?q=Luca+Pinot+Noir+2014"
"/en/wine/darenberg-galvo-garage-cabernet-merlot-2011/p/BP_476654","d'Arenberg Galvo Garage Cabernet Merlot 2011",188,3.4,90,"d'Arenberg The GalvoGarage2011","https://www.vivino.com/search/wines?q=d'Arenberg+Galvo+Garage+Cabernet+Merlot+2011"
"/en/wine/chapel-hill-mclaren-vale-cabernet-sauvignon-2015/p/BP_342812","Chapel Hill McLaren Vale Cabernet Sauvignon 2015",188,3.7,113,"ChapelHill The Parson CabernetSauvignon2015","https://www.vivino.com/search/wines?q=Chapel+Hill+McLaren+Vale+Cabernet+Sauvignon+2015"
"/en/wine/darenberg-the-laughing-magpie-shiraz-viognier-2015/p/BP_376619","d'Arenberg The Laughing Magpie Shiraz Viognier 2015",188,3.7,150,"d'ArenbergTheLaughingMagpieShiraz - Viognier2015","https://www.vivino.com/search/wines?q=d'Arenberg+The+Laughing+Magpie+Shiraz+Viognier+2015"
"/en/wine/fattoria-le-pupille-poggio-valente-riserva-2015/p/BP_376697","Fattoria Le Pupille Poggio Valente Riserva 2015",188,3.9,358,"FattorialePupillePoggioValente2015","https://www.vivino.com/search/wines?q=Fattoria+Le+Pupille+Poggio+Valente+Riserva+2015"
"/en/wine/col-dorcia-rosso-di-montalcino-2015/p/BP_474928","Col d'Orcia Rosso Di Montalcino 2015",198,3.6,1225,"Cold'OrciaRossodiMontalcino2015","https://www.vivino.com/search/wines?q=Col+d'Orcia+Rosso+Di+Montalcino+2015"
"/en/wine/la-reserva-de-caliboro-erasmo-2010/p/BP_476646","La Reserva de Caliboro Erasmo 2010",198,3.9,1989,"Juvé & Camps Cava Gran Reserva Brut Nature Reservadela Familia 2010","https://www.vivino.com/search/wines?q=La+Reserva+de+Caliboro+Erasmo+2010"
"/en/wine/darenberg-the-footbolt-shiraz-2010/p/BP_373894","d'Arenberg The Footbolt Shiraz 2010",198,3.6,815,"d'ArenbergTheFootboltShiraz2010","https://www.vivino.com/search/wines?q=d'Arenberg+The+Footbolt+Shiraz+2010"
"/en/wine/pyramid-valley-howell-family-vineyard-cabernet-franc-2016/p/BP_135409","Pyramid Valley Howell Family Vineyard Cabernet Franc 2016",198,3.7,18,"PyramidValleyVineyards Growers Collection HowellFamilyVineyardCabernetFranc2016","https://www.vivino.com/search/wines?q=Pyramid+Valley+Howell+Family+Vineyard+Cabernet+Franc+2016"
"/en/wine/guigal-st-joseph-rouge-2016-limited-time-offer-item-%E2%80%93-other-promotion-offers-not-applicable-/p/BP_363968","Guigal St Joseph Rouge 2016",198,3.9,52,"Domaine Michelas St Jemms Sainte Épine Saint JosephRouge2016","https://www.vivino.com/search/wines?q=Guigal+St+Joseph+Rouge+2016"
"/en/wine/jim-barry-the-the-lodge-hill-shiraz-2017/p/BP_392670","Jim Barry The The Lodge Hill Shiraz 2017",198,3.7,171,"JimBarryTheLodgeHillShiraz2017","https://www.vivino.com/search/wines?q=Jim+Barry+The+The+Lodge+Hill+Shiraz+2017"
"/en/wine/comm-g-b-burlotto-langhe-mores-2017/p/BP_379601","Comm G B Burlotto Langhe Mores 2017",208,3.9,33,"Comm. G.B. Burlotto MoresLanghe2017","https://www.vivino.com/search/wines?q=Comm+G+B+Burlotto+Langhe+Mores+2017"
"/en/wine/vasse-felix-filius-cabernet-sauvignon-2017/p/BP_399178","Vasse Felix Filius Cabernet Sauvignon 2017",228,3.8,325,"VasseFelixFiliusCabernetSauvignon2017","https://www.vivino.com/search/wines?q=Vasse+Felix+Filius+Cabernet+Sauvignon+2017"
"/en/wine/alcohuaz-grus-2015/p/BP_486416","Alcohuaz Grus 2015",228,4,551,"Viñedos de AlcohuazGrus de Alcohuaz Mezcla Tinta 2015","https://www.vivino.com/search/wines?q=Alcohuaz+Grus+2015"
"/en/wine/craggy-range-te-kahu-2017/p/BP_392704","Craggy Range Te Kahu 2017",238,3.9,155,"CraggyRange Gimblett Gravels Vineyard TeKahu2017","https://www.vivino.com/search/wines?q=Craggy+Range+Te+Kahu+2017"
"/en/wine/acustic-celler-brao-2015/p/BP_129751","Acustic Celler Brao 2015",248,4.1,327,"AcusticCeller Montsant Braó Vinyes Velles de 60 Ans 2015","https://www.vivino.com/search/wines?q=Acustic+Celler+Brao+2015"
"/en/wine/ollauri-conde-de-los-andes-2013/p/BP_116574","Ollauri Conde de los Andes 2013",258,3.8,304,"CondedeLosAndes Rioja 2013","https://www.vivino.com/search/wines?q=Ollauri+Conde+de+los+Andes+2013"
"/en/wine/fayat-pomerol-2014/p/BP_487421","Fayat Pomerol 2014",265,3.9,109,"Château FayatPomerol2014","https://www.vivino.com/search/wines?q=Fayat+Pomerol+2014"
"/en/wine/sette-ponti-poggio-al-lupo-2014/p/BP_478320","Sette Ponti Poggio al Lupo 2014",268,NA,63,"PoggioAlLupo Maremma Toscana 2014","https://www.vivino.com/search/wines?q=Sette+Ponti+Poggio+al+Lupo+2014"
"/en/wine/majella-shiraz-2013/p/BP_449114","Majella Shiraz 2013",288,3.8,84,"MajellaShiraz2013","https://www.vivino.com/search/wines?q=Majella+Shiraz+2013"
"/en/wine/de-bortoli-estate-grown-pinot-noir-2015/p/BP_473509","De Bortoli Estate Grown Pinot Noir 2015",288,3.5,215,"DeBortoliEstateGrownPinotNoir2015","https://www.vivino.com/search/wines?q=De+Bortoli+Estate+Grown+Pinot+Noir+2015"
"/en/wine/brokenwood-hunter-valley-shiraz-2016/p/BP_113234","Brokenwood Hunter Valley Shiraz 2016",288,NA,11,"Brokenwood Graveyard Vineyard Shiraz2016","https://www.vivino.com/search/wines?q=Brokenwood+Hunter+Valley+Shiraz+2016"
"/en/wine/montlabert-st-emilion-grand-cru-2016/p/BP_306229","Montlabert St Emilion Grand Cru 2016",290,NA,48,"Château Franc Laporte Chateau de la Seigneurie St-EmilionGrandCru2016","https://www.vivino.com/search/wines?q=Montlabert+St+Emilion+Grand+Cru+2016"
"/en/wine/katnook-estate-cabernet-sauvignon-2006/p/BP_314831","Katnook Estate Cabernet Sauvignon 2006",298,3.5,131,"Beringer Founders' EstateCabernetSauvignon2006","https://www.vivino.com/search/wines?q=Katnook+Estate+Cabernet+Sauvignon+2006"
"/en/wine/vincent-sophie-morey-santenay-les-hates-2012/p/BP_425116","Vincent & Sophie Morey Santenay Les Hates 2012",298,3.3,2153,"Union Saint Vincent Bordeaux Rouge","https://www.vivino.com/search/wines?q=Vincent+&+Sophie+Morey+Santenay+Les+Hates+2012"
"/en/wine/thelema-the-mint-cabernet-sauvignon-2014/p/BP_168252","Thelema The Mint Cabernet Sauvignon 2014",298,4.1,255,"ThelemaTheMintCabernetSauvignon2014","https://www.vivino.com/search/wines?q=Thelema+The+Mint+Cabernet+Sauvignon+2014"
"/en/wine/dog-point-pinot-noir-2017-screw-cap-/p/BP_392301","Dog Point Pinot Noir 2017 (Screw Cap)",298,4,3567,"DogPointPinotNoir","https://www.vivino.com/search/wines?q=Dog+Point+Pinot+Noir+2017+(Screw+Cap)"
"/en/wine/zuccardi-emma-2014/p/BP_462617","Zuccardi Emma 2014",338,4,594,"ZuccardiEmma Bonarda 2014","https://www.vivino.com/search/wines?q=Zuccardi+Emma+2014"
"/en/wine/zuccardi-emma-2015/p/BP_485129","Zuccardi Emma 2015",338,3.8,302,"ZuccardiEmma Bonarda 2015","https://www.vivino.com/search/wines?q=Zuccardi+Emma+2015"
"/en/wine/orin-swift-abstract-2016/p/BP_491208","Orin Swift Abstract 2016",348,4.2,6009,"OrinSwiftAbstract2016","https://www.vivino.com/search/wines?q=Orin+Swift+Abstract+2016"
"/en/wine/kaesler-the-bogan-shiraz-2016/p/BP_132813","Kaesler The Bogan Shiraz 2016",348,3.9,184,"KaeslerTheBogan2016","https://www.vivino.com/search/wines?q=Kaesler+The+Bogan+Shiraz+2016"
"/en/wine/roger-belland-santenay-1er-cru-beauregard-2016/p/BP_480358","Roger Belland Santenay 1er Cru Beauregard 2016",350,4.1,59,"Domaine RogerBellandSantenay-Beauregard Premier Cru Rouge 2016","https://www.vivino.com/search/wines?q=Roger+Belland+Santenay+1er+Cru+Beauregard+2016"
"/en/wine/catena-alta-malbec-2016/p/BP_344792","Catena Alta Malbec 2016",350,4.3,891,"CatenaAltaMalbec2016","https://www.vivino.com/search/wines?q=Catena+Alta+Malbec+2016"
